employee_id,employee_name,gender,date_of_birth,email,phone,department,designation,city,state,join_date,salary,employment_status
1,Dev Kumer,Male,1973-01-30,esengupta@example.net,03170669074,Admin,Manager,Gudivada,Bihar,2023-10-04,965738,Active
2,Anthony Bal,Male,2001-11-25,rajtarak@example.com,0837783533,Admin,Analyst,Ramagundam,Andhra Pradesh,2024-08-06,1154151,On Leave
3,Quincy Minhas,Female,1973-04-14,xiti68@example.net,+914497869073,Admin,Engineer,Vijayanagaram,Sikkim,2022-07-12,602023,On Leave
4,Kavya Chadha,Female,1994-12-06,,00704999622,Finance,Analyst,Ahmedabad,Tripura,2022-10-02,819145,Resigned
5,Nidhi Varkey,Female,1988-06-15,tripti48@example.net,0682883607,Admin,Analyst,Jehanabad,Nagaland,2022-10-03,661786,Active
6,Vedhika Parikh,Female,1993-04-05,aarav88@example.net,5790328921,IT,Engineer,Patna,Uttarakhand,2021-08-27,699744,On Leave
7,Anay Sethi,Male,1966-01-18,zaid41@example.net,+915412248244,HR,Engineer,Pondicherry,Meghalaya,2025-01-31,386446,Resigned
8,Arjun Muni,Male,1991-05-13,oviya34@example.org,08396030620,Finance,Analyst,Amroha,Tamil Nadu,2025-05-13,1080827,On Leave
9,Thomas Varty,Female,1995-09-27,azaanrana@example.net,5604230411,HR,Engineer,Bihar Sharif,Telangana,2022-05-27,1134351,On Leave
10,Zayyan De,Male,1965-08-20,kallatriveni@example.org,9806351396,HR,Manager,Kumbakonam,Bihar,2024-05-16,846909,On Leave
11,Yamini Tata,Male,1966-03-25,neelima40@example.org,+915925634168,Admin,Analyst,Deoghar,Meghalaya,2025-08-02,590437,On Leave
12,Dhruv Baria,Male,1970-10-27,omkaarganesan@example.net,+914598455514,HR,Manager,Mahbubnagar,Tripura,2025-03-19,407026,On Leave
13,Hemang Nagi,Male,1967-09-21,ybora@example.org,+915199619839,HR,Manager,Shimoga,Kerala,2023-07-28,723406,On Leave
14,Tanvi Malhotra,Female,1972-05-22,merchantadvik@example.net,0161033962,HR,Executive,Hospet,Goa,2023-02-10,504649,On Leave
15,Harshil Saran,Male,1990-10-20,zehaan75@example.org,+915000495765,Finance,Engineer,Rajkot,Assam,2023-10-03,708816,Resigned
16,Isaac Krishna,Male,1979-09-14,qparekh@example.org,3433514171,HR,Manager,Ambattur,Madhya Pradesh,2023-09-01,489678,Active
17,Falak Grover,Male,1986-08-12,yatan51@example.net,9913303614,IT,Engineer,Aurangabad,Andhra Pradesh,2021-02-20,960846,Active
18,Jagrati Tak,Male,1996-12-17,harrisonthaker@example.com,+918222254189,Operations,Manager,Cuttack,Gujarat,2022-04-06,935191,On Leave
19,Diya Jha,Male,1977-03-08,rachita82@example.org,,Operations,Analyst,Hyderabad,Madhya Pradesh,2023-12-09,652555,Active
20,Aarna Sunder,Male,1966-09-20,,09292244696,Operations,Engineer,Pudukkottai,Assam,2023-01-16,720239,Active
21,Abhimanyu Goel,Male,2001-01-13,xiti73@example.org,07736589430,IT,Engineer,Sasaram,Rajasthan,2024-03-11,348600,Active
22,Yasti Jani,Male,1986-04-11,chandani85@example.org,7911989622,Operations,Analyst,Purnia,Gujarat,2025-11-25,386747,On Leave
23,Warda Ramesh,Male,1988-09-27,kvarma@example.net,0814141291,HR,Executive,New Delhi,West Bengal,2024-04-22,419665,Resigned
24,Mekhala Gala,Female,1987-03-17,ndate@example.com,+911698614436,Operations,Executive,Jhansi,Mizoram,2024-10-15,320510,Resigned
25,Azaan Kibe,Male,1982-10-12,oscarmane@example.org,3449472857,Finance,Engineer,Bhilai,Tripura,2022-11-01,683447,On Leave
26,Samarth Mander,Male,1972-06-01,dalalagastya@example.net,02185946858,Admin,Analyst,Mumbai,Bihar,2024-10-26,448315,On Leave
27,Inaya Mody,Female,2001-10-04,ynori@example.net,9716638049,IT,Manager,Surendranagar Dudhrej,Punjab,2025-06-14,427109,On Leave
28,Dalaja Garde,Male,1995-08-22,jagvivora@example.org,6966599173,Finance,Executive,Jaipur,Maharashtra,2022-05-20,567707,Resigned
29,Anamika Gokhale,Female,1970-01-20,pallaaishani@example.net,08427472780,HR,Manager,Sasaram,Bihar,2024-08-25,936823,On Leave
30,Isha Bhavsar,Female,1995-03-03,galayashica@example.net,+911649438335,Admin,Executive,Coimbatore,Assam,2025-07-04,887599,On Leave
31,Upadhriti Vaidya,Male,2003-01-03,gangulychameli@example.net,8459368627,HR,Manager,Phagwara,Karnataka,2022-12-12,643488,On Leave
32,Yash Balasubramanian,Male,1992-06-15,rachana34@example.org,+912979294782,Operations,Analyst,Durgapur,Tamil Nadu,2024-10-21,759494,Active
33,Dayita Rattan,Female,1981-06-04,jhaveridalaja@example.org,+913657120090,IT,Manager,Visakhapatnam,Meghalaya,2025-07-21,1059085,Active
34,Hema Maharaj,Male,1973-02-03,,+917762334789,Admin,Executive,Rajpur Sonarpur,Manipur,2023-04-02,495937,On Leave
35,Watika Choudhry,Male,1979-08-12,batraalexander@example.org,05694362200,IT,Engineer,Ulhasnagar,Sikkim,2025-09-02,707486,Resigned
36,Ladli Kumar,Male,1973-11-26,sherechavvi@example.org,+918082041613,HR,Manager,Panchkula,Rajasthan,2022-03-01,1154230,Resigned
37,Rehaan Sem,Female,1991-07-31,amrita43@example.org,+919925698805,Operations,Manager,Siwan,Gujarat,2025-08-14,479149,Active
38,Ekaraj Loke,Female,1969-12-23,peter12@example.org,+916001878515,IT,Analyst,Cuttack,Nagaland,2021-05-04,345188,Resigned
39,Kabir Rana,Male,1995-06-01,vohraanamika@example.org,05140604524,Operations,Executive,Bhiwandi,West Bengal,2023-08-22,1064903,Active
40,Pavani Korpal,Female,1999-04-09,ganganigam@example.net,09712788988,Operations,Executive,Jalna,Telangana,2022-05-23,691250,Resigned
41,Kamala Ramachandran,Male,2000-07-08,gunbir65@example.org,1048564554,IT,Engineer,Saharsa,Mizoram,2021-02-16,621336,Active
42,Manthan Nadig,Male,1987-03-20,ekapad74@example.com,05619020879,Admin,Engineer,Sambalpur,Tamil Nadu,2025-12-08,562874,On Leave
43,Janaki Prabhakar,Male,1992-06-15,ucchal95@example.net,2024392126,HR,Analyst,Navi Mumbai,Nagaland,2023-04-26,968951,Active
44,Samarth Lal,Male,1969-08-08,borateerth@example.net,+918609574339,IT,Executive,Noida,Maharashtra,2024-11-25,1068466,Resigned
45,Ranbir Subramaniam,Male,1970-01-02,nikita30@example.net,6871698996,IT,Analyst,Nagercoil,West Bengal,2024-12-15,833255,Resigned
46,Ranveer Mistry,Male,1965-06-07,mittalyauvani@example.net,,Operations,Engineer,Bidhannagar,Jharkhand,2022-03-03,1159327,Resigned
47,Logan Gaba,Female,1982-04-04,samrabalhaar@example.com,06401106474,HR,Engineer,Ongole,Tripura,2023-12-02,386392,On Leave
48,Tanmayi Dada,Male,1997-12-23,maanav62@example.org,+914529464846,Finance,Analyst,Bhiwani,Karnataka,2025-03-10,499753,On Leave
49,Vyanjana Ratti,Female,1993-12-27,bhattkai@example.org,+913014271620,IT,Manager,Purnia,Punjab,2021-06-28,872337,Active
50,Pahal Palan,Female,1968-04-05,sainijagat@example.com,4270316174,IT,Executive,Singrauli,Bihar,2025-02-17,1075336,Active
51,Manthan Raju,Female,1978-10-01,aarinisaha@example.net,4783957105,Admin,Engineer,Pimpri-Chinchwad,Nagaland,2024-10-19,385986,Resigned
52,Harrison Karnik,Male,1999-08-18,,+914368908982,Admin,Manager,Gopalpur,Himachal Pradesh,2025-02-20,617780,On Leave
53,Amara Swamy,Male,1979-08-25,,+915292978208,HR,Manager,Dehri,Tamil Nadu,2022-03-16,779213,Resigned
54,Divya Tak,Male,1997-10-01,jagat22@example.net,03180921393,Finance,Executive,Bhusawal,Karnataka,2021-02-03,1122390,On Leave
55,Dalaja Kannan,Female,1970-10-24,atiom@example.com,8601552142,Admin,Engineer,Sri Ganganagar,Assam,2021-11-02,691362,Resigned
56,Charita Nadig,Male,1981-12-31,chandran50@example.org,,IT,Manager,Cuttack,Punjab,2023-05-13,551672,On Leave
57,Gavin Wable,Female,1997-06-03,zwason@example.com,+914820981233,Admin,Executive,Panipat,Nagaland,2021-03-24,381933,On Leave
58,Anika Wagle,Male,1982-11-14,zdate@example.net,+915185888909,Operations,Executive,Amroha,Sikkim,2022-03-07,351029,Resigned
59,Falan Dhar,Male,1979-10-11,xnayak@example.com,+912676192449,Admin,Engineer,Siwan,Andhra Pradesh,2022-03-08,970135,Active
60,Harrison Sharaf,Male,1967-02-15,rsami@example.com,06970170001,IT,Analyst,Bettiah,Mizoram,2024-02-01,962063,Active
61,Ishani Som,Female,1981-09-28,hiteshparmar@example.org,+910565409666,Admin,Manager,Durg,Tripura,2023-12-17,391538,Resigned
62,Wazir Venkataraman,Female,1974-11-19,omishaan@example.net,+918751907362,HR,Manager,Ambattur,Bihar,2023-03-03,1195376,Active
63,Falguni Korpal,Male,1996-06-13,fpingle@example.net,3676819742,Admin,Engineer,Ahmedabad,Madhya Pradesh,2024-08-01,761890,On Leave
64,Atharv Borde,Female,1977-07-05,qpurohit@example.net,02281407638,Operations,Analyst,Kolkata,Nagaland,2023-03-07,648516,Active
65,Nathan Gola,Female,1988-05-13,faqidyadav@example.net,+912690836308,HR,Analyst,Dibrugarh,Tamil Nadu,2025-08-15,1051061,Resigned
66,Yug Rao,Female,1996-09-12,bavalila@example.org,1708300474,Finance,Manager,Rourkela,Punjab,2022-03-10,571805,Active
67,Saumya Thaker,Male,1993-06-23,megharamachandran@example.org,04524942915,Admin,Executive,Asansol,Himachal Pradesh,2023-03-24,445038,Active
68,Ikshita Rajagopalan,Female,1984-01-20,jarya@example.org,03319893863,Finance,Executive,Begusarai,Manipur,2024-05-20,734047,Resigned
69,Fitan Brahmbhatt,Female,1975-06-23,balannidra@example.com,02992881362,HR,Engineer,Panihati,Sikkim,2024-06-07,872323,On Leave
70,Pranav Kar,Female,1985-04-29,ijayaswamy@example.net,01843704991,Finance,Executive,Raiganj,Himachal Pradesh,2021-07-20,626299,Resigned
71,Diya Dutta,Male,1974-01-25,chowdhuryradhika@example.net,3388613682,Operations,Manager,Delhi,Tamil Nadu,2022-01-31,533822,Resigned
72,Kritika Subramaniam,Female,2002-02-22,amritabarad@example.net,+918836466471,Finance,Executive,Gaya,Nagaland,2021-03-11,676205,On Leave
73,Chaitanya Suresh,Male,1979-08-24,vyohannan@example.org,+911067329838,Finance,Engineer,Nagaon,Kerala,2022-09-25,484069,On Leave
74,Jagvi Bhattacharyya,Female,1988-04-07,shankerchaitanya@example.net,,HR,Engineer,Anand,Uttarakhand,2025-12-04,1030251,On Leave
75,Meera Loyal,Male,1989-01-09,jbawa@example.com,+916495299841,Operations,Analyst,Vijayanagaram,Madhya Pradesh,2025-06-24,1138910,Resigned
76,Ishaan Bansal,Female,2004-02-09,chaudhurigaurangi@example.com,08059171875,Admin,Analyst,Nanded,Karnataka,2024-02-16,344507,Active
77,Madhav Divan,Female,1972-05-26,gnadig@example.com,05495013468,Admin,Executive,Chapra,Uttar Pradesh,2021-10-07,875163,On Leave
78,Onkar Loke,Female,1993-03-21,datebarkha@example.net,4331470843,Operations,Manager,Jamalpur,Karnataka,2023-12-12,760348,Active
79,Zaitra Deol,Female,1967-06-17,zpatla@example.net,+910562809862,HR,Analyst,Muzaffarpur,Bihar,2026-01-20,1013342,Active
80,Yashawini Das,Female,1983-03-15,yhegde@example.org,07595300702,Finance,Analyst,Suryapet,Arunachal Pradesh,2021-02-18,467576,On Leave
81,Frado Viswanathan,Female,1976-11-07,wablesai@example.org,04378556139,Finance,Manager,Maheshtala,Sikkim,2023-08-01,1085881,Resigned
82,Urvi Patla,Female,1966-08-20,gbail@example.net,9969551638,IT,Analyst,Narasaraopet,Odisha,2025-09-26,406770,Resigned
83,Shivani Sinha,Male,1976-04-24,charvi96@example.net,4440907753,Operations,Executive,Bhagalpur,Tamil Nadu,2025-02-07,899072,Resigned
84,Maanav Rajagopalan,Male,1994-10-27,choudhryishani@example.org,08046055490,Admin,Executive,Jodhpur,Karnataka,2022-01-28,439941,On Leave
85,Kabir Menon,Male,1992-12-08,viraj02@example.net,9544668713,HR,Analyst,Ahmednagar,Punjab,2021-06-01,954099,On Leave
86,Udarsh Kohli,Male,1991-12-01,nkade@example.org,4504772205,Operations,Analyst,Begusarai,Karnataka,2025-06-03,311403,Active
87,Eesha Choudhury,Female,2004-10-09,anya60@example.com,,Admin,Executive,Kavali,Mizoram,2025-06-06,594200,Resigned
88,Kai Master,Female,1968-05-07,kamdaraarush@example.net,+916010008550,IT,Analyst,Karaikudi,Gujarat,2025-01-17,975035,Resigned
89,Amaira Merchant,Female,2004-08-23,vivaan23@example.com,,HR,Analyst,Dibrugarh,Rajasthan,2021-11-08,576878,Active
90,Tejas Kar,Male,1977-01-26,guneet05@example.net,+911723045091,IT,Manager,Kollam,Uttar Pradesh,2022-12-29,552485,On Leave
91,Jagdish Bhandari,Female,1978-10-30,daliagagan@example.net,+914486304355,Finance,Executive,Malda,Tripura,2024-04-23,620972,Resigned
92,Gaurav Sandhu,Male,1981-09-11,loza@example.net,1316484556,Finance,Engineer,Bharatpur,Kerala,2023-09-29,919213,Active
93,Urishilla Vaidya,Female,1966-03-23,joshua42@example.com,2822722219,IT,Analyst,Noida,Kerala,2023-09-27,380570,Active
94,Aradhana Solanki,Male,1986-02-19,sanghamitesh@example.net,07125127800,IT,Analyst,Raurkela Industrial Township,Telangana,2024-03-03,761534,On Leave
95,Yahvi Prasad,Male,1988-05-03,,09303459635,Operations,Analyst,Ahmednagar,Jharkhand,2025-11-22,893750,Resigned
96,Rohan Chatterjee,Male,1974-04-11,jyotitoor@example.com,+912314988898,Finance,Analyst,Bahraich,Odisha,2025-05-29,1096723,On Leave
97,Qadim Vala,Female,1989-04-05,rachitaborah@example.com,+913223027520,Finance,Engineer,Gwalior,Punjab,2023-01-28,412876,Resigned
98,Gagan Sastry,Male,1978-06-02,nitesh90@example.org,07800578527,Finance,Executive,Sasaram,Karnataka,2025-11-18,382874,Active
99,Eesha Chakraborty,Female,1997-10-14,ojasvi14@example.org,5025354447,Admin,Executive,Ahmedabad,Jharkhand,2022-06-09,1020150,Active
100,Chanakya Dâ€™Alia,Male,1994-06-02,rkalla@example.com,9794942525,Admin,Executive,Sikar,Kerala,2025-07-01,1007613,Active
101,Meghana Sengupta,Male,1975-04-09,ckibe@example.net,3110887975,Admin,Analyst,Phusro,Tamil Nadu,2025-04-14,946133,On Leave
102,Agastya Raju,Female,2002-09-01,lgandhi@example.net,00557384175,Admin,Analyst,Nanded,Chhattisgarh,2024-10-25,779904,On Leave
103,Januja Nazareth,Female,1976-11-10,asridhar@example.net,+919072836715,Admin,Executive,Durgapur,Goa,2023-11-12,766622,Active
104,Pranit Wagle,Male,1986-01-11,prishasidhu@example.com,8428984934,IT,Executive,Chennai,Uttarakhand,2023-12-14,596340,Active
105,Pavani Rai,Female,1999-12-15,riasengupta@example.net,05301118627,Operations,Executive,South Dumdum,Meghalaya,2024-11-15,1031779,On Leave
106,Rishi Sengupta,Female,1998-04-15,wmannan@example.org,4208018375,Operations,Engineer,Thanjavur,Telangana,2021-12-02,804794,Active
107,Chatura Sidhu,Female,1983-12-28,vshroff@example.net,+912686978252,IT,Executive,Durgapur,Punjab,2022-09-14,357402,Active
108,Tarak Setty,Female,1975-08-29,chauhanpavani@example.org,02585460677,IT,Manager,Avadi,Rajasthan,2025-12-31,505754,On Leave
109,Dhriti Mann,Female,1976-11-28,suripranit@example.com,+917181855785,IT,Manager,Kishanganj,Odisha,2024-12-28,848902,Resigned
110,Vedhika Ramesh,Female,2001-07-20,,+919305905605,IT,Manager,Mirzapur,Punjab,2024-07-14,1089671,On Leave
111,Bhavya Kapur,Male,1986-05-25,qrajagopalan@example.org,+916599331956,HR,Analyst,Durg,Bihar,2024-09-30,301109,On Leave
112,Indali Chander,Male,1992-10-23,isaacwalla@example.net,+915266588433,Finance,Analyst,Dehradun,Nagaland,2022-06-03,531736,On Leave
113,Jagdish Sathe,Female,2004-11-12,raaginidesai@example.com,5920523379,HR,Manager,Visakhapatnam,Rajasthan,2021-10-26,744340,Resigned
114,Upasna Dhar,Female,1979-04-14,lakshit45@example.org,,Finance,Executive,Kadapa,Gujarat,2021-09-01,1022736,Resigned
115,Imaran Ratta,Male,1987-08-23,sehgalvasudha@example.net,02655666583,HR,Analyst,Amritsar,Chhattisgarh,2023-01-30,1199411,On Leave
116,Ansh Khosla,Female,1991-11-04,ksastry@example.org,+912800646235,HR,Manager,Tiruvottiyur,Odisha,2021-06-16,902977,Active
117,Kai Virk,Male,1989-10-31,pallajacob@example.org,1620522407,IT,Manager,Karawal Nagar,Assam,2024-09-21,865946,Resigned
118,Upma Thaker,Male,1971-08-26,meerarout@example.org,6757113995,IT,Manager,Jalandhar,Kerala,2021-12-15,1036753,Active
119,Indrajit Chahal,Male,1965-04-21,fkeer@example.com,09096846090,Operations,Executive,Udupi,Meghalaya,2024-10-12,620047,Resigned
120,Amruta Nagy,Female,1997-07-26,dwalla@example.com,2774992586,HR,Executive,Karaikudi,Punjab,2024-06-11,971281,Resigned
121,Thomas Mohan,Female,1966-03-23,divanwakeeta@example.org,04484218270,Admin,Analyst,Nandyal,Telangana,2025-11-26,653602,On Leave
122,Kamya Dass,Male,1966-01-20,amrutabhattacharyya@example.com,00480961159,Finance,Analyst,Mysore,Punjab,2025-04-18,854556,Active
123,Caleb Guha,Female,1976-08-07,dadabrijesh@example.org,,HR,Analyst,Phusro,Maharashtra,2023-04-29,862897,Resigned
124,Bhavika Kothari,Female,1969-10-16,dakshesh06@example.net,07661230665,Operations,Analyst,Sasaram,Chhattisgarh,2022-07-30,728960,On Leave
125,Veer Bhargava,Female,1989-12-07,sekhonekanta@example.org,+914286179074,Admin,Analyst,Jalna,Gujarat,2022-03-09,1081677,On Leave
126,Bakhshi Raja,Female,1996-02-29,deepvincent@example.com,1496385133,Finance,Analyst,Ramgarh,Bihar,2022-07-27,567169,Resigned
127,Jagrati Sant,Female,1992-04-20,obajwa@example.com,+916204696139,Finance,Engineer,Nangloi Jat,Punjab,2024-08-24,1060568,Resigned
128,Yashoda Chhabra,Male,1987-03-26,aashibakshi@example.net,1574142166,Operations,Manager,Nangloi Jat,Odisha,2022-02-28,913829,On Leave
129,Vyanjana Kaul,Male,1999-09-21,puridavid@example.com,1307149050,Finance,Engineer,Srinagar,Uttarakhand,2021-06-10,910627,Resigned
130,Irya Morar,Female,1971-03-28,uparmar@example.org,5835933344,IT,Analyst,Barasat,Odisha,2021-02-04,941490,On Leave
131,Zayyan Karpe,Female,1975-02-06,neelchad@example.com,,Admin,Executive,Amroha,Gujarat,2024-06-18,310542,Active
132,Deepa Kannan,Female,1984-10-08,fnayar@example.org,+913187870927,Finance,Manager,Panvel,Bihar,2022-09-10,312599,Resigned
133,Yagnesh Morar,Male,1979-08-20,darika45@example.com,00007031574,HR,Executive,Shahjahanpur,Sikkim,2022-01-01,736932,On Leave
134,Ayushman Hayer,Female,1974-04-17,sarrafayush@example.net,+917280321025,HR,Executive,Hazaribagh,Nagaland,2023-04-11,1147766,Active
135,Mitali Anand,Female,2002-01-23,indira48@example.com,08887412796,Admin,Manager,Tadipatri,Gujarat,2025-07-12,799656,On Leave
136,Zansi Behl,Female,1986-08-22,,+916978102868,Admin,Engineer,Tinsukia,Himachal Pradesh,2021-06-07,716972,Active
137,Rishi Modi,Female,1990-12-09,zarna09@example.com,+918882313720,Operations,Analyst,Ichalkaranji,Andhra Pradesh,2022-05-05,620547,Active
138,Balveer Sani,Female,1997-05-17,tejassidhu@example.net,+916312587785,HR,Analyst,Ballia,Haryana,2024-10-28,840465,Active
139,Netra Parekh,Male,1991-05-06,krishnacherian@example.org,9510697071,Finance,Executive,Malda,Kerala,2025-05-30,950713,Active
140,Gautami Bansal,Female,1983-11-21,kai92@example.com,4737608414,IT,Engineer,Nagpur,Odisha,2021-10-10,1070594,Resigned
141,Yoshita Golla,Male,1979-12-16,faris27@example.com,,IT,Analyst,Vadodara,Himachal Pradesh,2023-09-14,985260,Active
142,Vansha Nazareth,Male,1966-03-21,poommen@example.org,00078362231,Admin,Executive,Thane,Goa,2023-10-13,1013049,On Leave
143,Suhani Yohannan,Female,2000-11-22,,08730966686,Operations,Analyst,Mango,Karnataka,2025-11-10,461212,Resigned
144,Farhan Sodhi,Female,1993-08-05,qushidyal@example.net,8892467457,HR,Executive,Suryapet,Madhya Pradesh,2023-06-29,920769,Active
145,Jagrati Wali,Female,1980-05-28,anmol14@example.net,02494702713,HR,Analyst,Gorakhpur,Madhya Pradesh,2021-07-16,642898,On Leave
146,Ekansh Chandran,Male,1996-12-08,dbakshi@example.com,+918735971556,Admin,Executive,Ramagundam,Assam,2023-01-03,1199883,On Leave
147,Ikshita Sane,Female,1994-05-31,llata@example.org,+915561959221,Operations,Engineer,Morena,Tamil Nadu,2023-01-15,1051840,On Leave
148,Neel Jani,Female,1985-05-29,lakshitratta@example.com,05081053236,HR,Executive,Sasaram,Odisha,2023-05-18,925218,On Leave
149,Hamsini Subramaniam,Male,1988-03-29,bhaktaliam@example.net,7210102437,IT,Manager,Hosur,Mizoram,2023-05-14,480432,Active
150,Leena Cheema,Female,1991-12-17,ekhurana@example.net,5290604509,HR,Executive,Ratlam,Odisha,2021-02-21,1186283,On Leave
151,Manya Behl,Male,2004-10-13,,1900896526,HR,Manager,Asansol,Uttar Pradesh,2023-06-27,1197020,On Leave
152,Ojas Singh,Male,1985-01-16,,02527698281,Operations,Analyst,Bhilwara,Madhya Pradesh,2025-03-20,1154753,Resigned
153,Bina Dutta,Male,1983-05-09,hmahal@example.com,+911172733031,Operations,Engineer,Jalandhar,Telangana,2021-05-17,658922,On Leave
154,Caleb Krishnan,Female,1993-04-18,,,Admin,Analyst,Anand,Uttar Pradesh,2025-11-11,785363,Resigned
155,Eshana Wagle,Female,1969-11-08,aurorachanchal@example.org,,Operations,Analyst,Kochi,Uttar Pradesh,2022-12-16,327764,On Leave
156,Jeremiah Upadhyay,Female,1999-03-09,pausanya@example.org,02415435928,Operations,Executive,Srikakulam,Andhra Pradesh,2023-01-05,899492,Active
157,Jagrati Datta,Male,1992-11-06,,00848533336,IT,Executive,Bardhaman,West Bengal,2021-01-25,950813,On Leave
158,Yashawini Dey,Male,1994-03-02,hchana@example.com,+913166217832,Finance,Executive,Darbhanga,Kerala,2023-11-01,336137,Active
159,Zayan Dixit,Female,1967-03-04,aarinisubramaniam@example.net,0502343165,HR,Manager,Jhansi,Bihar,2021-02-04,357899,Active
160,Harinakshi Narayan,Female,1992-12-26,aarini69@example.com,09163975401,Finance,Analyst,Tirunelveli,Punjab,2022-12-22,617612,Resigned
161,Chaaya Sampath,Male,1992-03-05,birmekhala@example.org,9376716273,Operations,Analyst,Proddatur,Tripura,2021-05-13,934049,Resigned
162,Chaaya Dewan,Female,1982-02-23,vamakshi26@example.com,5340489474,IT,Engineer,Kozhikode,Jharkhand,2023-04-18,478691,Resigned
163,Manthan Lad,Male,1991-05-31,utalwar@example.org,00193508406,Admin,Executive,Tadipatri,Rajasthan,2023-10-24,535428,On Leave
164,Advaith Padmanabhan,Male,1981-06-27,zilmil63@example.net,+910507024936,IT,Executive,Dehradun,Arunachal Pradesh,2021-05-21,683357,On Leave
165,Madhavi Choudhury,Female,1990-12-01,rajata03@example.com,09979398156,Finance,Engineer,Noida,Mizoram,2025-03-08,922262,Active
166,Oni Rana,Female,1979-11-27,aarav40@example.com,+912947641407,Finance,Analyst,Rohtak,Nagaland,2022-10-31,674608,Resigned
167,Brijesh Rastogi,Female,2002-07-18,thakurchameli@example.org,6514293129,IT,Executive,Bettiah,Odisha,2021-04-03,975271,Active
168,Nidra Badami,Female,1965-05-07,dgill@example.net,06323197885,Operations,Engineer,Nellore,Mizoram,2023-03-26,611387,Active
169,Yug Master,Male,1982-08-08,amairapathak@example.net,4833801342,Finance,Analyst,Muzaffarnagar,Goa,2021-05-02,634257,Resigned
170,Lipika Lala,Male,1982-08-01,advikaprashad@example.org,+912764565934,HR,Engineer,Bilaspur,Meghalaya,2022-05-10,594903,On Leave
171,Lohit Ramakrishnan,Male,1969-03-22,ladfaqid@example.com,+917404509766,Operations,Engineer,Ambarnath,Punjab,2025-03-10,795877,On Leave
172,Rachana Raman,Male,1984-09-27,buchnaveen@example.net,05966160693,Operations,Analyst,Berhampur,West Bengal,2025-02-13,1011475,Resigned
173,Oscar Deol,Male,1980-01-14,palanekantika@example.net,02679208332,IT,Analyst,Panipat,Nagaland,2021-03-02,552764,Resigned
174,Kamya Mangal,Male,1979-08-31,munimanbir@example.org,+912964213296,HR,Executive,Singrauli,Nagaland,2025-03-24,539920,Resigned
175,Devansh Tara,Male,1981-07-31,elijahdoshi@example.org,+919928419515,HR,Analyst,Mangalore,Sikkim,2025-11-17,436080,On Leave
176,Rachita Kant,Male,1973-08-23,saranpriya@example.com,+917865920059,Operations,Manager,Nanded,Sikkim,2025-01-09,1122357,Active
177,Indira Dugal,Female,1996-03-07,vanshawason@example.com,3293411368,HR,Analyst,Dewas,Meghalaya,2021-07-31,395089,On Leave
178,Samar Bera,Female,1986-01-31,shivansh60@example.com,06312806208,HR,Manager,Shivpuri,Kerala,2025-09-23,1064926,On Leave
179,Ayush Sarin,Female,1991-07-18,,,Operations,Analyst,Dibrugarh,Madhya Pradesh,2021-11-05,736528,Active
180,Ekavir Rajagopal,Male,1997-12-28,shivansh08@example.com,+917323385479,Operations,Manager,Kakinada,Jharkhand,2022-02-07,587730,Resigned
181,Balhaar Murty,Male,1971-02-11,tanmayizachariah@example.org,02802557367,Admin,Executive,Singrauli,Kerala,2021-02-20,687876,Resigned
182,Siddharth Parekh,Male,1990-07-17,chandransanaya@example.com,02435530002,Operations,Manager,Anantapur,Tamil Nadu,2021-05-15,519048,On Leave
183,Anita Bhatti,Male,1982-01-24,deodika@example.com,07061463389,HR,Engineer,Tezpur,Himachal Pradesh,2021-02-22,1109032,Resigned
184,Max Soman,Female,1975-03-18,faras93@example.net,8226295322,Admin,Executive,Warangal,Tripura,2021-05-04,1121308,Active
185,Anjali Pandey,Male,1965-07-25,abhirambhatt@example.com,6642665754,Operations,Engineer,Gaya,Himachal Pradesh,2021-02-14,705007,Resigned
186,Victor Bera,Female,1999-01-18,amblefariq@example.net,00326963994,Admin,Engineer,Bellary,Goa,2021-10-29,817812,Resigned
187,Idika Chadha,Female,1973-05-12,samarthnarasimhan@example.net,7169522915,Finance,Engineer,Kumbakonam,Punjab,2021-09-24,1059020,On Leave
188,Raagini Kamdar,Female,1969-05-17,krishnamurthyfalguni@example.com,09568991365,Finance,Analyst,Sri Ganganagar,Tamil Nadu,2022-01-26,729972,Active
189,Forum Anand,Female,1980-05-22,nirja23@example.com,8902940149,Admin,Analyst,Bokaro,Tamil Nadu,2025-10-21,380190,Resigned
190,Yug Sidhu,Male,1994-05-21,dhaliwalwaida@example.com,4619628367,Finance,Analyst,Gudivada,Telangana,2024-02-18,1129960,Resigned
191,David Jani,Male,1977-12-15,palanwazir@example.org,8868623038,Admin,Engineer,Bhatpara,West Bengal,2025-09-21,757922,Active
192,Aryan Dhar,Male,2002-02-13,victor55@example.net,+911465908070,IT,Engineer,Bijapur,Jharkhand,2024-05-15,523441,Active
193,Lekha Subramanian,Male,1985-02-09,aptehitesh@example.com,+913103713534,Finance,Engineer,Kirari Suleman Nagar,Manipur,2025-10-21,1121391,On Leave
194,Turvi Puri,Male,1970-09-29,borahcharvi@example.net,7346296673,Finance,Engineer,Kumbakonam,Andhra Pradesh,2023-07-19,499202,Active
195,Urvi Tak,Male,1989-01-06,dartanish@example.net,06360266582,Finance,Analyst,Anand,Tamil Nadu,2022-06-01,1152232,Active
196,Simon Thakkar,Female,2002-01-17,,+910769565343,Operations,Engineer,Gangtok,Meghalaya,2023-05-14,1017139,On Leave
197,Bhavani Malhotra,Female,1995-04-06,choudhryeshana@example.com,4838532243,HR,Executive,Ludhiana,Sikkim,2024-09-15,406272,Active
198,Umang Deshpande,Male,1969-12-14,gandhiupadhriti@example.net,6349640421,HR,Engineer,Ichalkaranji,Telangana,2023-08-13,504212,Resigned
199,Darsh Dixit,Female,1971-09-08,zarnasura@example.com,+910554047054,Admin,Engineer,Firozabad,Telangana,2023-05-21,934607,Resigned
200,Bhavini Vaidya,Male,1988-01-28,banikkabir@example.org,05572404089,HR,Engineer,Bidar,Nagaland,2025-01-01,300541,On Leave
201,Yashodhara Ramachandran,Male,1972-04-14,babuleela@example.org,03590678530,IT,Analyst,Chittoor,Meghalaya,2023-03-10,1182757,On Leave
202,Yutika Chaudhuri,Female,1993-05-19,svarty@example.org,+916253175199,Finance,Executive,Salem,West Bengal,2022-10-15,666192,Resigned
203,Nathan Dyal,Male,1987-07-18,joshichaaya@example.net,1797876588,HR,Executive,Akola,Uttarakhand,2022-04-08,1042401,Resigned
204,Parth Morar,Male,1977-02-12,sarthakdesai@example.net,+917217886696,Finance,Analyst,Nandyal,Himachal Pradesh,2025-02-12,842729,Resigned
205,Rudra Radhakrishnan,Female,1967-06-14,logan73@example.org,07053249975,IT,Manager,Ghaziabad,Rajasthan,2021-08-09,796817,On Leave
206,Elijah Borah,Female,1965-01-27,bordegagan@example.org,4036545326,Operations,Analyst,Raichur,Bihar,2024-08-26,1019873,Active
207,Gauri Thakkar,Male,1971-12-21,bhallamanbir@example.com,3312780594,HR,Executive,Jamnagar,Manipur,2021-07-02,1155209,On Leave
208,Bhavya Dutta,Female,1966-09-20,arjun24@example.org,+914977312403,IT,Engineer,Akola,Haryana,2024-12-20,952525,On Leave
209,Aarush Hayre,Female,2003-09-10,onkar41@example.org,03648242481,IT,Engineer,Nagaon,Bihar,2022-10-31,1091227,Active
210,Mugdha Chaudhari,Female,1967-02-15,psood@example.org,07752378388,HR,Engineer,Durgapur,Maharashtra,2022-09-29,1134375,On Leave
211,Vyanjana Kari,Female,1968-05-14,ishwarpatil@example.org,0365677799,Admin,Engineer,Serampore,Arunachal Pradesh,2022-10-15,629802,Resigned
212,Kalpit Vasa,Female,1972-06-04,uiyengar@example.org,+913363445303,Finance,Analyst,Farrukhabad,Goa,2022-01-11,408058,Active
213,Ijaya Dubey,Male,2003-07-25,dswaminathan@example.net,+913950132362,Operations,Executive,Rewa,Odisha,2024-01-20,529712,On Leave
214,Baljiwan Shah,Male,2004-02-02,bhavna55@example.com,+911644087407,HR,Manager,Haldia,Telangana,2024-12-06,1144071,Resigned
215,Onkar Vaidya,Female,1967-11-12,,+911926694921,IT,Engineer,Mathura,Tamil Nadu,2023-06-08,335428,On Leave
216,Sudiksha Sandal,Male,1966-03-18,dalajauppal@example.org,+916078780614,Finance,Engineer,Madhyamgram,Bihar,2025-08-02,1131709,Resigned
217,Nirja Bala,Female,1982-12-03,manneaashi@example.com,0280351246,IT,Executive,Vijayawada,Mizoram,2025-04-10,668559,Active
218,Pooja Pau,Female,1975-03-28,nravi@example.com,,Finance,Engineer,Nangloi Jat,Mizoram,2022-04-26,886370,Active
219,Kevin Samra,Female,1968-02-26,parekhdevika@example.net,05546677559,Finance,Engineer,Saharanpur,Uttar Pradesh,2022-03-09,1012517,On Leave
220,Zashil Krishnan,Female,1994-02-16,sbava@example.net,05727272351,Admin,Manager,Tirunelveli,Uttar Pradesh,2024-08-17,652896,On Leave
221,Daksha Madan,Female,1980-01-31,srinivasanishita@example.org,07670647825,HR,Manager,Tiruppur,Telangana,2024-04-19,502905,Active
222,Indrajit Nagy,Female,1974-11-02,zverma@example.com,2720365474,Admin,Executive,Junagadh,Assam,2022-11-18,1132211,On Leave
223,Ekaja Ravel,Male,1984-11-26,charitasankaran@example.com,05415043919,Operations,Executive,Pune,Himachal Pradesh,2023-11-25,518457,On Leave
224,Mohini Sharma,Female,1985-02-15,kashish27@example.org,+916750732523,IT,Manager,Tirunelveli,Jharkhand,2023-12-27,998682,On Leave
225,Sarthak Bhat,Male,1995-12-27,ubika77@example.com,06135051687,HR,Manager,Ajmer,Gujarat,2021-08-21,445185,Resigned
226,Watika Sur,Female,1996-12-11,udyati81@example.com,4819261261,HR,Executive,Proddatur,Gujarat,2022-04-21,656549,Active
227,Isaiah Chaudhuri,Female,1970-08-20,jeet98@example.net,06616746769,IT,Manager,Berhampore,Punjab,2025-02-14,564741,On Leave
228,Hitesh Natarajan,Female,1983-12-10,alkabassi@example.org,+910055026790,IT,Analyst,Jamalpur,Odisha,2024-06-22,1040628,Active
229,Megha Bhandari,Female,1966-12-06,,6524929928,Finance,Analyst,Ulhasnagar,Odisha,2023-01-27,346786,On Leave
230,Azaan Kala,Male,1998-05-20,epatla@example.net,08063649085,HR,Engineer,Anand,West Bengal,2023-02-22,473211,Resigned
231,Aarini Dayal,Male,2000-07-08,qpillai@example.org,1567568776,HR,Engineer,Nashik,Uttarakhand,2025-03-17,326108,On Leave
232,Vihaan Chauhan,Male,1966-05-23,faraj27@example.org,+912712475230,IT,Engineer,Raiganj,Nagaland,2025-10-08,773281,Resigned
233,Baghyawati Korpal,Female,1965-10-23,upma23@example.org,+914142694276,HR,Manager,Raurkela Industrial Township,Punjab,2024-02-03,862236,Resigned
234,Aarnav Zachariah,Female,1976-03-31,sdass@example.com,+915540234300,Finance,Executive,Jaunpur,Jharkhand,2022-12-13,1055394,Resigned
235,Faras Doctor,Female,1978-11-15,azaansarin@example.org,+917507985492,Finance,Executive,Latur,Bihar,2024-11-25,1152001,Resigned
236,Victor Varkey,Female,1986-08-08,mohanmatthew@example.com,6410058205,IT,Manager,Kalyan-Dombivli,Arunachal Pradesh,2021-04-22,767396,On Leave
237,Yug Balasubramanian,Female,1984-11-17,vtata@example.net,+913251525376,Operations,Engineer,Sri Ganganagar,Punjab,2026-01-19,971146,On Leave
238,Yatin Kaul,Female,1971-07-13,gaurangmuni@example.net,01199538441,HR,Analyst,Vellore,Gujarat,2025-01-01,597280,Resigned
239,Ronith Buch,Male,1994-08-02,,+914498976115,IT,Executive,Ongole,Sikkim,2024-05-31,1004005,Active
240,Gauri Doctor,Male,1983-04-30,rohan90@example.net,04512357590,Admin,Engineer,Berhampore,Chhattisgarh,2024-12-02,946870,Active
241,Yashodhara Kala,Male,1983-12-26,nachiket41@example.com,+915531636288,Operations,Analyst,Munger,Andhra Pradesh,2024-05-03,403630,Active
242,Meera Pal,Male,2000-03-10,udhingra@example.net,+918337765480,IT,Analyst,Nagpur,Madhya Pradesh,2025-06-30,958993,Active
243,Maanav Garde,Female,1982-09-21,rayishaan@example.net,06071913569,Operations,Engineer,Raurkela Industrial Township,Tamil Nadu,2023-03-11,822259,On Leave
244,Nimrat Devan,Male,1980-02-15,pbatra@example.org,2952136085,Operations,Engineer,Karnal,Sikkim,2024-10-08,707776,On Leave
245,Inaya Rai,Male,1969-11-29,upadhritidave@example.com,5178664177,IT,Executive,Firozabad,Tamil Nadu,2021-03-06,378848,Active
246,Pallavi Khalsa,Male,1988-12-15,cnarula@example.net,+912313453927,Operations,Executive,Arrah,Uttarakhand,2021-05-22,850175,On Leave
247,Lopa Wali,Male,1989-02-07,nilima48@example.com,01018443689,HR,Manager,Sambalpur,Himachal Pradesh,2021-11-02,734159,Active
248,Manya Toor,Male,1984-08-22,vedika16@example.org,3718598101,Operations,Engineer,Sambalpur,West Bengal,2024-10-27,1157279,On Leave
249,Reyansh Bali,Male,1995-02-02,fredericksinha@example.org,+912727674094,HR,Engineer,Kavali,Assam,2025-08-07,1079524,On Leave
250,Bahadurjit Kaul,Female,2001-09-28,anthonyraj@example.org,+915681974536,Finance,Manager,Rajkot,Madhya Pradesh,2023-03-15,810183,Resigned
251,Henry Mittal,Female,1980-01-13,zarya@example.org,9131687848,IT,Engineer,Asansol,Meghalaya,2025-03-08,475927,Resigned
252,Mason Dada,Female,1979-02-07,akshay79@example.com,+912567497956,Operations,Executive,Lucknow,Gujarat,2025-09-23,809586,Active
253,Yatin Palan,Female,1994-07-18,butalaayush@example.org,5338281820,Admin,Engineer,Chandrapur,Odisha,2023-11-24,682720,Resigned
254,Pallavi Prabhu,Female,1979-01-25,tatakaran@example.org,00204536336,IT,Engineer,Vijayanagaram,Odisha,2024-04-14,652902,Active
255,Onveer Agarwal,Female,1979-03-14,bhandaribishakha@example.org,6952922827,Operations,Analyst,Sultan Pur Majra,Goa,2023-07-04,604910,Active
256,Inaya Savant,Female,1981-07-20,karnikteerth@example.com,+916435763788,HR,Manager,Ranchi,Haryana,2022-12-13,724198,Active
257,Pallavi Dasgupta,Female,2002-01-28,sahapooja@example.net,09713063836,Finance,Manager,Dindigul,Rajasthan,2021-12-13,424331,On Leave
258,Chaitaly Trivedi,Female,1990-01-25,patrick68@example.org,+911314637406,HR,Executive,Rewa,Manipur,2024-08-08,311036,On Leave
259,Chatura Mangal,Female,1980-11-14,lukenayar@example.net,8499764554,IT,Analyst,Malda,Madhya Pradesh,2023-11-11,1042311,On Leave
260,Shivansh Chandran,Male,1974-05-04,indiradhawan@example.net,7640652513,Operations,Engineer,Bhagalpur,Madhya Pradesh,2025-05-25,738796,On Leave
261,Upadhriti Kakar,Female,1972-09-20,lajitachoudhury@example.com,9377812050,Finance,Executive,Bhavnagar,Tripura,2025-04-23,400861,On Leave
262,Saksham Gulati,Male,1969-03-26,ronith74@example.net,+918788602304,HR,Analyst,Madurai,Goa,2021-04-05,411835,Active
263,Bimala Uppal,Male,1975-02-28,lakshit24@example.net,+914793830396,HR,Analyst,Raurkela Industrial Township,Sikkim,2024-04-25,859371,Resigned
264,Megha Chakrabarti,Male,1975-10-05,wdube@example.com,+910775559883,IT,Analyst,New Delhi,Maharashtra,2021-08-05,1135700,Active
265,Aarini Mistry,Male,2001-06-20,onatt@example.com,+917720662486,Finance,Manager,Gudivada,Sikkim,2024-06-14,900199,Resigned
266,Yagnesh Sule,Female,1988-03-14,sai41@example.org,5220573900,Admin,Executive,Morena,Manipur,2025-01-10,787213,Active
267,Xavier Ravi,Female,1977-01-09,kibebhavani@example.com,+910136474417,Finance,Analyst,Parbhani,Karnataka,2023-09-15,743196,Active
268,Balendra Mishra,Female,1978-06-11,,+915711654028,IT,Executive,Dindigul,Uttar Pradesh,2023-12-23,970558,On Leave
269,Praneel Ben,Male,1996-11-29,,+919686141972,Admin,Manager,Pallavaram,Rajasthan,2022-04-01,818264,On Leave
270,Azaan Walla,Female,1997-09-03,williambasu@example.net,06974958585,Admin,Manager,Bokaro,Maharashtra,2022-12-13,600911,Resigned
271,Kamya Kulkarni,Female,1981-08-09,ladbrinda@example.net,+914772198830,Admin,Engineer,Baranagar,Assam,2025-10-12,1095924,Active
272,Omkaar Dhillon,Male,1994-07-16,ryan97@example.net,+910300165632,IT,Executive,Purnia,Arunachal Pradesh,2023-02-23,592746,Resigned
273,Maya Chowdhury,Male,1990-03-18,kiaan68@example.net,+915707368169,HR,Manager,Surat,Kerala,2025-06-07,841481,On Leave
274,Vincent Rao,Female,1998-11-04,dpingle@example.org,09692253276,HR,Engineer,Chennai,Kerala,2024-03-23,831277,Resigned
275,Faris Rajagopal,Male,1974-01-10,dhaliwalchandran@example.net,04501223532,IT,Manager,Davanagere,Maharashtra,2024-03-23,1187244,Active
276,Deepa Goswami,Female,1996-05-15,gokhalejairaj@example.org,2648301988,Finance,Manager,Agartala,Tamil Nadu,2025-01-20,715743,Resigned
277,Udyati Bumb,Female,2003-07-05,,+911326629383,IT,Analyst,Dharmavaram,Rajasthan,2022-05-12,1097888,Resigned
278,Leela Saxena,Female,1989-06-26,srivastavavinaya@example.org,+919428971514,Admin,Manager,Bikaner,Nagaland,2021-07-24,1054568,Active
279,Fariq Din,Female,1999-01-31,orinderbakshi@example.net,0018570881,Admin,Manager,Malda,Odisha,2021-03-16,335650,On Leave
280,Ishani Sen,Female,1970-07-12,,+919639327158,Admin,Executive,Kavali,Bihar,2025-08-26,911703,Active
281,Xiti More,Female,1971-09-06,gaurang91@example.net,08799474878,IT,Executive,Giridih,Chhattisgarh,2023-08-23,664057,On Leave
282,Faras Mangal,Male,1967-05-14,fde@example.net,5419463368,Admin,Analyst,Rewa,Sikkim,2022-02-17,933327,Active
283,Brijesh Kulkarni,Male,1981-01-22,faris46@example.org,+913757618970,Finance,Engineer,Davanagere,Madhya Pradesh,2025-11-13,667939,Resigned
284,Kabir Deol,Female,1990-10-05,badamichatresh@example.com,,IT,Manager,Bathinda,Tripura,2024-10-27,896058,Resigned
285,Anusha Edwin,Male,1985-06-28,bobalvarsha@example.net,8317178821,IT,Executive,Nagaon,Tamil Nadu,2024-04-07,1095994,Resigned
286,Gopal Seshadri,Male,1980-08-13,chahalvamakshi@example.com,8405963628,Finance,Analyst,Jabalpur,Meghalaya,2023-03-28,841366,On Leave
287,Ekansh Das,Male,1991-03-17,lokekritika@example.org,,Operations,Analyst,Katni,Madhya Pradesh,2024-11-26,570867,On Leave
288,Xavier Yogi,Female,1973-12-15,taranetra@example.org,+917366604007,HR,Engineer,Bikaner,Tripura,2022-07-22,804036,Resigned
289,Yamini Puri,Female,1984-05-17,basakodika@example.net,+917240494098,HR,Manager,Durg,Arunachal Pradesh,2025-03-15,545785,Resigned
290,Nihal Rajagopal,Male,1998-08-11,saumya06@example.org,00535232101,IT,Executive,Aizawl,Karnataka,2025-04-01,963143,On Leave
291,Ansh Rajan,Male,2004-05-14,vkeer@example.net,+918168638099,Admin,Analyst,Alappuzha,Uttar Pradesh,2024-05-11,883992,On Leave
292,Kevin Sarkar,Female,1977-01-29,chowdhurychanchal@example.org,07782943418,IT,Executive,Sambalpur,Rajasthan,2025-10-14,397919,Active
293,Adya Edwin,Male,1973-12-24,shereishanvi@example.org,3406770286,Finance,Engineer,Satara,Jharkhand,2023-06-04,722011,Active
294,Ishita Wali,Male,1990-02-22,sanghvixavier@example.net,01531584095,IT,Manager,Kharagpur,Sikkim,2021-11-15,428908,Active
295,Aarnav Gola,Female,1996-07-04,kalitakashvi@example.org,2627918472,Admin,Engineer,Saharanpur,Bihar,2022-03-11,712189,Resigned
296,Meghana Edwin,Female,1977-06-21,bhavnachhabra@example.org,3093073964,Operations,Manager,Sonipat,Kerala,2024-04-11,825759,Active
297,Rishi Nori,Male,1965-08-12,usekhon@example.org,+910847311392,Operations,Analyst,Mathura,Tamil Nadu,2025-09-12,911656,Resigned
298,Anirudh Varghese,Male,1978-07-10,gbalay@example.org,02783305282,Admin,Manager,Siwan,Haryana,2023-05-06,906060,Active
299,Samaksh Merchant,Female,1981-03-04,barmanforum@example.com,2265849083,Admin,Manager,Ratlam,Meghalaya,2021-06-27,694973,On Leave
300,Mohini Chaudhary,Male,1994-12-31,itak@example.net,,Finance,Manager,Jhansi,Mizoram,2023-11-20,485761,On Leave
301,Samesh Sridhar,Male,2003-02-05,,6600453378,Operations,Analyst,Nandyal,Arunachal Pradesh,2025-09-18,887787,On Leave
302,Jacob Nagy,Female,1985-06-10,skothari@example.net,,Admin,Analyst,Bidhannagar,Uttarakhand,2025-02-17,1078954,Active
303,Guneet Goel,Female,2000-03-29,dsibal@example.org,+916643795968,IT,Executive,Gudivada,Andhra Pradesh,2023-01-28,968007,Active
304,Lekha Lall,Male,1983-03-18,gabameera@example.org,+913522491306,IT,Engineer,Sangli-Miraj & Kupwad,Chhattisgarh,2025-12-26,378477,Resigned
305,Falak Gupta,Male,1973-06-07,wakeeta34@example.net,0932583361,Operations,Executive,Ballia,Odisha,2023-05-08,1131721,Active
306,Aarnav Thakur,Male,1985-09-11,,+915524497273,Finance,Analyst,Nandyal,Assam,2024-10-26,1033653,On Leave
307,Rachit Kurian,Female,1986-02-15,vmenon@example.com,+915293816348,Operations,Analyst,Mira-Bhayandar,Sikkim,2025-11-08,1109358,Active
308,Geetika Ben,Male,1995-05-27,dalbir09@example.org,+915122339089,Admin,Analyst,Alappuzha,Meghalaya,2021-07-26,491019,Resigned
309,Wridesh Chokshi,Female,1987-03-06,cgoda@example.net,,Finance,Analyst,Ujjain,Maharashtra,2021-07-29,622380,Active
310,Aashi Bava,Female,1967-03-05,,08972380926,Operations,Executive,Ballia,Rajasthan,2021-01-24,762470,Resigned
311,Chakradhar Ranganathan,Male,1970-01-27,jahluwalia@example.org,6531650913,Admin,Analyst,Nagercoil,Tamil Nadu,2021-06-02,744977,Resigned
312,Damini Saran,Male,1985-01-05,omvarkey@example.net,+910906337106,Operations,Manager,Jamalpur,Jharkhand,2025-06-13,635335,Active
313,Quincy Raman,Male,1978-02-17,,+917086580174,HR,Executive,Adoni,Karnataka,2024-10-11,757278,Resigned
314,Deepa Shanker,Female,1968-04-24,,1166816589,Operations,Engineer,Ramgarh,Meghalaya,2025-04-21,408515,On Leave
315,Chaaya Shere,Male,1996-11-08,sathvikyogi@example.org,+910407723484,Operations,Manager,Guwahati,Uttarakhand,2022-08-16,326655,Active
316,Ojas Garde,Female,1992-10-10,tanaysama@example.com,02836503240,Finance,Engineer,Kamarhati,Punjab,2021-04-25,949404,Active
317,Aayush Vasa,Male,1967-05-11,anirudhyogi@example.com,6256397841,Admin,Analyst,Nagpur,Jharkhand,2025-07-12,839790,Resigned
318,Bhavini Bhakta,Female,1971-05-04,,00084553474,Admin,Manager,Berhampur,Maharashtra,2024-04-17,909493,Active
319,Nicholas Sachar,Male,1996-03-29,dkant@example.net,1866339202,HR,Analyst,Etawah,Kerala,2021-11-08,837935,Resigned
320,Wridesh Nagarajan,Male,1986-02-20,kumerradhika@example.com,05104623959,Finance,Analyst,Kolkata,Haryana,2025-09-10,1062292,Resigned
321,Tristan Dar,Male,1978-02-13,hansvihaan@example.org,05207930901,Finance,Engineer,Maheshtala,Kerala,2021-08-04,685499,Active
322,Teerth Nagar,Female,1991-09-04,onveer94@example.com,09533162545,Admin,Engineer,Faridabad,Mizoram,2021-07-16,824518,Resigned
323,Radha Nori,Female,2000-10-28,wridesh48@example.com,08852281923,Operations,Executive,Raebareli,Maharashtra,2023-04-19,1085426,Active
324,Dayamai Savant,Male,1995-07-01,shanirja@example.org,1498211357,Finance,Engineer,Ramagundam,Chhattisgarh,2023-06-02,980232,Resigned
325,Kai Suresh,Female,1987-08-10,indirabarad@example.org,+912778160921,Operations,Analyst,Hyderabad,Rajasthan,2024-12-16,598014,On Leave
326,Vihaan Kalita,Male,1973-12-09,ldeo@example.net,,IT,Executive,Eluru,Rajasthan,2023-04-26,632508,Active
327,Baljiwan Vohra,Female,1967-08-24,tristanmanda@example.net,+919420917241,Operations,Manager,Ozhukarai,Chhattisgarh,2023-01-07,671500,On Leave
328,Gayathri Sarraf,Male,1988-10-08,bhattianjali@example.net,2085948207,HR,Engineer,Mirzapur,Odisha,2025-05-06,534279,Active
329,Pushti Tata,Female,1997-03-09,,+915309909539,HR,Analyst,Gandhinagar,Arunachal Pradesh,2021-06-28,1092816,Active
330,Arunima Prasad,Female,1970-01-15,,07226730823,Admin,Executive,Jodhpur,Punjab,2021-04-12,623221,On Leave
331,Rayaan Sethi,Female,1982-07-31,rastogianamika@example.com,3711333026,Operations,Analyst,Gandhidham,Karnataka,2022-07-27,656766,Active
332,Osha Chander,Male,1990-12-31,,08803455033,IT,Engineer,Anantapur,Kerala,2024-10-20,487186,On Leave
333,Indrajit Banik,Female,1979-04-24,faras64@example.net,3041492658,Operations,Analyst,Farrukhabad,Assam,2024-10-26,1107650,Active
334,Nihal Khatri,Male,2004-01-02,wallaayushman@example.org,+915919668695,Admin,Executive,Bahraich,Jharkhand,2025-06-07,770543,On Leave
335,Ranveer Dey,Male,2001-09-14,girish75@example.com,2017062922,Finance,Engineer,Singrauli,Nagaland,2022-09-13,498636,Active
336,Isha Sachdeva,Female,1976-11-26,omaharaj@example.net,5980448423,Finance,Engineer,Agra,Uttar Pradesh,2023-05-12,1131274,Resigned
337,Gagan Behl,Female,1969-08-02,fdeshmukh@example.com,6306204702,Operations,Manager,Dhule,Rajasthan,2022-06-06,987430,On Leave
338,Jonathan Bahl,Female,1990-08-21,raveljhalak@example.com,,IT,Manager,Indore,Meghalaya,2021-12-09,1073279,Active
339,Madhavi Vyas,Female,1993-01-26,lalazaitra@example.com,+917308046155,Admin,Executive,Ghaziabad,Punjab,2023-05-07,825696,Active
340,Samarth Arya,Male,1975-12-26,nbera@example.net,01808271080,IT,Executive,Kamarhati,Andhra Pradesh,2025-07-31,734858,Resigned
341,Yashvi Keer,Female,1994-09-08,surkashish@example.com,+913313241132,Finance,Analyst,Hospet,Tripura,2023-04-02,424971,On Leave
342,Yug Dhaliwal,Female,1976-10-10,,,Admin,Engineer,Nellore,Odisha,2022-01-05,736868,Active
343,Gautami Tella,Male,1999-05-07,nitesh94@example.com,08589610114,Admin,Executive,Kharagpur,Kerala,2023-11-07,658963,On Leave
344,Manan Sastry,Male,1999-05-12,jkar@example.com,6542011717,Operations,Manager,Bally,Bihar,2023-09-24,482685,On Leave
345,Jairaj Gala,Male,2000-06-02,ftiwari@example.com,09151183737,IT,Manager,Varanasi,Goa,2021-07-31,448659,On Leave
346,Priya Narula,Male,1985-10-18,ishadhingra@example.net,1302564323,HR,Executive,Hajipur,Goa,2022-07-18,681041,Resigned
347,Ucchal Dhar,Female,1984-03-26,,4332402206,Finance,Manager,Etawah,West Bengal,2024-11-15,425703,Active
348,Priya Kalita,Female,1975-09-25,owen14@example.com,00842970769,Admin,Manager,Surat,Andhra Pradesh,2021-06-04,918539,On Leave
349,Ayush Kale,Female,1990-03-11,shravyabasu@example.net,,IT,Manager,Bhavnagar,Odisha,2021-11-27,924105,Resigned
350,Naveen Shetty,Female,1999-01-08,sridharekansh@example.org,05955621175,Finance,Engineer,Coimbatore,Madhya Pradesh,2021-03-27,387158,Active
351,Aadi Deshmukh,Male,1985-03-24,daksha07@example.com,+919207960316,Admin,Engineer,Ballia,Jharkhand,2021-02-11,579481,Active
352,Wridesh Wali,Female,1991-04-05,januja03@example.net,6378028940,IT,Executive,Tenali,Bihar,2021-06-19,832361,Active
353,Vrishti Doctor,Female,1972-08-21,lkrishna@example.org,+918712578275,Admin,Manager,Bihar Sharif,West Bengal,2025-03-04,1114458,Active
354,Chasmum Virk,Female,1967-01-14,yagneshcheema@example.net,01141432517,Finance,Manager,North Dumdum,Mizoram,2025-09-13,1099888,On Leave
355,Sanya Saraf,Female,1970-12-29,sidhuurmi@example.com,07766165012,Admin,Engineer,Chinsurah,West Bengal,2021-04-23,630556,Active
356,Lipika Tripathi,Male,1987-07-12,balayamini@example.net,+917827461893,Admin,Analyst,Ratlam,Meghalaya,2024-09-16,516275,Active
357,Azaan Wadhwa,Female,2003-01-13,gargnidhi@example.net,+914372581297,Operations,Engineer,Bijapur,Arunachal Pradesh,2025-09-13,1111105,Active
358,Amruta Tailor,Male,1975-10-01,wkrishnamurthy@example.com,04289399819,Finance,Engineer,Nizamabad,Bihar,2022-10-11,522363,On Leave
359,Laksh Verma,Female,2004-09-19,icontractor@example.net,+912669205052,Operations,Analyst,Arrah,Uttarakhand,2023-02-27,981328,On Leave
360,Omya Dugar,Female,1987-04-10,yagneshsrivastava@example.com,09889873219,Finance,Manager,Malda,Chhattisgarh,2024-04-03,540189,Resigned
361,Ansh Chandra,Male,1968-12-09,bhaktawishi@example.com,0744467114,IT,Engineer,Raebareli,Gujarat,2023-01-21,497332,Active
362,Ekapad Mann,Male,1979-02-06,pallaamruta@example.org,+915521134310,Operations,Manager,Madanapalle,Telangana,2024-04-07,1095891,On Leave
363,Janya Bose,Male,1996-04-17,,08081220033,IT,Analyst,Tirupati,Rajasthan,2022-08-19,1063725,On Leave
364,Keya Vora,Female,2000-10-04,hegdeekalinga@example.org,+915353456507,HR,Executive,Bhubaneswar,Manipur,2022-05-18,1092809,Resigned
365,Krishna Johal,Male,1986-06-01,wazir77@example.com,0757507699,IT,Executive,Morbi,Tamil Nadu,2023-07-03,948001,On Leave
366,Yadavi Shere,Male,1980-11-02,mittalnicholas@example.com,+914284603997,IT,Analyst,Jalna,Rajasthan,2023-04-25,679358,Resigned
367,Faraj Ramakrishnan,Female,1968-03-24,hayreurvashi@example.org,05479844926,Admin,Manager,Panchkula,West Bengal,2025-10-17,540580,Resigned
368,Warinder Ray,Female,1995-06-23,ramdaksh@example.org,3531073025,IT,Engineer,Dibrugarh,Himachal Pradesh,2022-10-23,753948,Resigned
369,Nikita Vyas,Male,1969-06-23,aadhyabath@example.org,+910983252269,Finance,Executive,Delhi,Odisha,2023-11-21,858197,Active
370,Tanveer Buch,Female,1997-11-11,kborah@example.com,0649893251,Operations,Manager,Avadi,Gujarat,2025-11-11,726087,Active
371,Advik Mand,Female,1979-03-07,,06971517470,Operations,Analyst,Thoothukudi,Meghalaya,2021-02-22,613294,On Leave
372,Jeremiah Bawa,Male,1991-11-29,katachatresh@example.com,5114423892,IT,Analyst,Pimpri-Chinchwad,Maharashtra,2024-10-19,320307,Resigned
373,Advik Narula,Male,1994-08-16,vinaya07@example.com,00245312956,Operations,Engineer,Bettiah,Tripura,2023-10-19,916699,Resigned
374,Vinaya Dhaliwal,Female,1979-04-26,gkale@example.org,+910017891258,Operations,Engineer,South Dumdum,Telangana,2024-08-07,1049841,Resigned
375,Turvi Chopra,Female,1965-03-29,zpatla@example.net,+919529365388,HR,Manager,Tirupati,Manipur,2022-10-25,738077,Resigned
376,Max Kunda,Female,1968-09-14,ronithswaminathan@example.net,+910657863310,Operations,Manager,Shimla,Punjab,2022-11-22,685896,On Leave
377,Amruta Ramesh,Female,1973-06-19,chaudhariidika@example.org,+916464836600,Finance,Engineer,Serampore,Madhya Pradesh,2023-10-18,730140,Active
378,Aradhana Seth,Female,1991-09-19,kabirsani@example.com,5958605150,HR,Executive,Pudukkottai,Kerala,2022-07-30,719624,Resigned
379,Xalak Ghosh,Male,1993-11-05,kamya02@example.org,5778315063,HR,Engineer,Tirupati,Maharashtra,2023-05-27,630518,On Leave
380,Rushil Sethi,Male,1972-08-29,agrawaludarsh@example.org,+919753310441,Operations,Executive,Uluberia,Manipur,2024-08-29,940447,Active
381,David Trivedi,Male,1985-09-25,shethtristan@example.org,,IT,Manager,Suryapet,Rajasthan,2023-03-20,323275,Active
382,Peter Vora,Female,1976-05-21,zmittal@example.com,+912628853324,HR,Manager,Aurangabad,Tamil Nadu,2023-02-03,1086792,On Leave
383,Dalaja Anne,Male,1974-01-14,orandhawa@example.org,+919027643273,Admin,Engineer,Medininagar,Himachal Pradesh,2025-07-05,972631,On Leave
384,Triveni Manda,Female,1974-01-19,bachittarde@example.net,2908488205,IT,Manager,Bongaigaon,Uttar Pradesh,2022-08-23,893657,Resigned
385,Eshana Gour,Male,1979-06-03,waidakota@example.org,+910853674210,Finance,Executive,Vadodara,Jharkhand,2025-04-17,397250,Active
386,Jai Muni,Male,1990-04-23,william34@example.org,+915455013267,Operations,Manager,Udupi,Andhra Pradesh,2024-12-30,1071230,Resigned
387,Kritika Pall,Male,1990-04-23,,1066562439,Admin,Manager,Avadi,Andhra Pradesh,2024-09-01,702162,Resigned
388,Tanvi Ahluwalia,Female,1992-07-12,vamakshikunda@example.org,3329534506,Admin,Manager,Pune,Rajasthan,2025-01-13,510712,Active
389,Pavani Babu,Female,1972-07-02,yuvrajbahl@example.com,7213369955,IT,Engineer,Muzaffarnagar,Gujarat,2021-11-09,663382,Active
390,Aradhana Palan,Male,1987-05-10,alalla@example.com,3173408953,Admin,Manager,Chapra,Sikkim,2023-08-24,1184046,Active
391,Ronith Panchal,Male,1987-01-08,niharika16@example.org,7933577004,HR,Executive,Sasaram,Madhya Pradesh,2021-08-29,1046307,Resigned
392,Kabir Naidu,Male,1986-12-24,osoni@example.net,2433695998,Admin,Engineer,Barasat,Manipur,2025-05-10,420464,On Leave
393,Abdul Dixit,Male,1997-06-17,cbahl@example.com,6136567661,Finance,Executive,South Dumdum,Mizoram,2022-11-16,1091915,Resigned
394,Harish Samra,Male,1989-08-23,pranitrajan@example.net,5952823483,Admin,Manager,Vijayawada,Gujarat,2025-11-04,1013058,Active
395,Vyanjana Barad,Male,1986-12-08,falansanghvi@example.org,02735993427,Admin,Engineer,Bhopal,Bihar,2023-03-20,1067056,Resigned
396,Harshil Mander,Male,1978-11-04,vkar@example.org,01577783646,Operations,Analyst,Ramgarh,Madhya Pradesh,2024-06-06,1089444,Active
397,Hemang Patla,Male,1989-02-01,meghana77@example.org,3231092754,HR,Manager,Hubliâ€“Dharwad,Uttarakhand,2022-11-04,650883,Active
398,Zayyan Khare,Male,1971-07-29,omaja59@example.net,02878353852,IT,Analyst,Tenali,Tamil Nadu,2023-06-15,1081206,Resigned
399,Ayushman Banerjee,Male,1992-09-27,brijesh87@example.net,7848665471,IT,Engineer,Jalgaon,Karnataka,2021-08-09,504306,Resigned
400,Chatura Bhat,Male,1991-02-26,tarak26@example.org,05033464767,Finance,Executive,Bilaspur,Andhra Pradesh,2025-01-08,621000,Active
401,Suhani Wable,Female,1994-01-18,jasmitsarkar@example.org,+919785980315,IT,Executive,Sultan Pur Majra,Assam,2023-10-28,1110939,Resigned
402,Gavin Venkataraman,Female,1989-12-03,gautamnatarajan@example.org,,HR,Executive,Panchkula,Bihar,2025-03-12,738288,Resigned
403,Ati Chatterjee,Female,1969-04-04,vinaya58@example.net,03662951874,HR,Manager,Arrah,Gujarat,2023-11-12,580911,On Leave
404,Jyoti Garde,Female,1995-05-11,zashil82@example.org,2501232880,Operations,Engineer,Kolhapur,Chhattisgarh,2023-12-12,884208,On Leave
405,Ucchal Char,Female,1966-02-17,ydhingra@example.org,9218442951,Finance,Manager,Guwahati,Mizoram,2021-02-28,752429,On Leave
406,Jagvi Sarna,Male,1972-11-06,anaybakshi@example.net,,HR,Engineer,Ranchi,Andhra Pradesh,2025-11-07,984191,On Leave
407,Raghav Ghose,Male,1973-04-14,chanakya41@example.net,+913003269320,Operations,Analyst,Pallavaram,Arunachal Pradesh,2022-04-24,450704,Resigned
408,Aadhya Shetty,Male,2003-04-09,,+915777035315,Operations,Executive,Ranchi,Tripura,2022-08-23,1197330,Resigned
409,Xavier Sem,Male,1994-06-27,orinderbaral@example.net,5748448863,IT,Executive,Tiruvottiyur,West Bengal,2023-09-06,569318,Resigned
410,Eiravati Rai,Male,1982-11-04,fiyaztandon@example.org,,Admin,Manager,Jorhat,Mizoram,2022-11-23,443141,Resigned
411,Madhav Pant,Female,1988-05-22,noahhanda@example.net,+913809637650,IT,Executive,Mangalore,Chhattisgarh,2023-01-09,379738,Resigned
412,Vidhi Ghose,Male,1999-09-15,dashguneet@example.org,7218120643,HR,Executive,Bahraich,Rajasthan,2025-03-20,390956,Active
413,Wakeeta Sibal,Female,2004-01-08,harsh55@example.org,09646514240,Finance,Manager,Bokaro,Goa,2024-04-23,597735,Active
414,Yug Raval,Male,1976-09-06,,01965301361,Finance,Engineer,Jehanabad,Kerala,2024-01-26,1156642,Active
415,Jackson Devi,Male,1976-05-03,shauryashroff@example.org,,Operations,Executive,Muzaffarpur,Karnataka,2023-09-28,1099657,On Leave
416,Omisha Sodhi,Male,1974-07-02,mahajanishanvi@example.net,+918572440570,Admin,Executive,Ahmednagar,Arunachal Pradesh,2025-10-24,638753,On Leave
417,Pranit Sundaram,Female,1985-01-31,handajatin@example.org,0528203232,HR,Manager,Deoghar,Rajasthan,2023-02-12,529217,On Leave
418,Bhavini Varughese,Male,1993-11-24,manthanradhakrishnan@example.net,9226682198,Operations,Manager,Hosur,Gujarat,2022-06-20,306090,Active
419,Vihaan Singh,Male,1969-07-19,daniel72@example.com,+918866102399,Finance,Analyst,Shimoga,Punjab,2024-04-17,828936,On Leave
420,Brijesh Bansal,Female,1997-10-20,xbuch@example.com,+916390040323,Finance,Analyst,Chapra,Himachal Pradesh,2022-05-31,643374,Resigned
421,Anya Pradhan,Male,1991-07-29,prashadekbal@example.net,,Admin,Engineer,Phagwara,Andhra Pradesh,2024-05-01,849083,Active
422,Chakradev Dutt,Male,2001-11-01,,6215793492,Admin,Executive,Sultan Pur Majra,Rajasthan,2024-11-04,559082,Active
423,Megha Boase,Male,1978-02-22,cgrewal@example.org,+910226396815,HR,Manager,Adoni,Madhya Pradesh,2023-06-22,1134059,Resigned
424,Osha Bassi,Female,1967-04-16,zayan67@example.com,+915920102756,HR,Analyst,Raiganj,Bihar,2025-03-13,932097,Resigned
425,Samaksh Purohit,Female,1976-06-16,vkapoor@example.com,01796530140,Operations,Analyst,Bhiwani,Gujarat,2025-09-19,1094680,On Leave
426,Balhaar Bhatti,Male,1985-12-31,aggarwalatharv@example.net,+917200333807,HR,Engineer,Khandwa,Haryana,2022-04-17,1073479,Active
427,Dakshesh Viswanathan,Female,2002-06-13,radhika05@example.net,+913796374254,HR,Executive,Chennai,Uttar Pradesh,2026-01-05,1128615,Resigned
428,Maya Choudhry,Male,1973-12-13,arunimaparsa@example.org,03617020227,Admin,Manager,Jalgaon,West Bengal,2022-07-09,921441,Active
429,Dipta Keer,Male,1973-07-11,zayyan10@example.org,+910930428027,Admin,Executive,Chinsurah,Andhra Pradesh,2022-02-06,637073,Active
430,Fariq Baral,Male,1968-02-15,vanya97@example.com,7818893348,Operations,Analyst,Nangloi Jat,Andhra Pradesh,2023-08-01,864299,On Leave
431,Raksha Jaggi,Female,1991-10-27,petergill@example.org,03701508593,Admin,Executive,Kollam,Punjab,2025-07-11,872664,Active
432,Shivansh Natt,Male,1975-12-12,ssathe@example.org,05544351592,HR,Analyst,Bally,Uttarakhand,2022-07-18,1180850,On Leave
433,Yash Kapur,Male,1996-09-21,zashilmadan@example.net,7525400896,Finance,Engineer,Anantapuram,Tamil Nadu,2024-01-28,485192,On Leave
434,Kabir Dada,Male,1970-10-14,chawlapranit@example.org,00356684760,Admin,Engineer,Jaunpur,Tamil Nadu,2025-12-08,661890,On Leave
435,Ekbal Parmar,Male,2004-08-06,pallasanya@example.com,+916476723593,Admin,Manager,Kolhapur,Mizoram,2023-10-09,956849,Active
436,Om Vora,Female,1972-04-20,kadakiaakshay@example.net,05762953041,HR,Manager,Visakhapatnam,Andhra Pradesh,2024-11-09,409158,Active
437,Eiravati Murty,Male,1986-12-26,deepbhavya@example.com,8196575294,HR,Executive,Ichalkaranji,Uttar Pradesh,2024-08-26,313822,Resigned
438,Siddharth Devi,Male,1971-08-16,vlall@example.org,+915676609850,IT,Executive,Jhansi,Madhya Pradesh,2023-01-23,705097,Resigned
439,Vanya Saraf,Female,1989-07-07,dsastry@example.com,+919474712118,IT,Engineer,Mangalore,Tripura,2024-03-21,809108,On Leave
440,Ekapad Sangha,Female,2000-08-06,karanradhika@example.net,+918170355123,Operations,Analyst,Karawal Nagar,Goa,2025-03-29,985160,Active
441,Samaksh Lal,Female,2003-06-11,sudiksha04@example.com,+917770577505,Admin,Executive,Jamnagar,Assam,2021-09-17,435449,On Leave
442,Niharika Roy,Female,1986-06-10,zaitra41@example.com,+911722888534,Finance,Manager,Nanded,Manipur,2024-03-07,464802,On Leave
443,Tarak Randhawa,Female,1968-04-07,aashi05@example.net,+914964345744,Finance,Manager,Thrissur,Tripura,2022-11-10,903574,Active
444,Chandani Raja,Female,1967-08-04,choudhurykavya@example.com,03103885655,HR,Executive,Howrah,Tripura,2023-06-02,456705,Resigned
445,Sudiksha Puri,Male,2003-07-02,,4083406357,Operations,Engineer,Eluru,Jharkhand,2021-11-15,1169692,On Leave
446,Nitesh Vasa,Male,1995-03-31,,02503673781,Operations,Manager,Bhiwani,Goa,2025-09-01,742257,Active
447,Hritik Narayanan,Male,1969-10-01,chandreshdara@example.org,+913859276407,Admin,Manager,Serampore,Meghalaya,2025-09-16,594897,Active
448,Vanya Sawhney,Male,1992-06-29,baradirya@example.net,+915760510533,Finance,Executive,Eluru,Jharkhand,2025-07-15,865266,On Leave
449,Brijesh Deshmukh,Male,1968-03-25,umangraju@example.net,5579500119,IT,Manager,Saharanpur,Arunachal Pradesh,2021-04-13,735645,Resigned
450,Advaith Rege,Female,1986-08-22,wahabhora@example.com,09760043434,Finance,Manager,Nizamabad,Odisha,2025-11-04,1083692,Active
451,Elijah Lall,Male,2001-09-08,oeshidutt@example.net,02936056169,HR,Engineer,Anand,Meghalaya,2023-01-25,1122935,On Leave
452,Dominic Ghosh,Female,1986-03-12,dhriti53@example.net,6143468974,IT,Executive,Tiruppur,West Bengal,2022-07-23,1102920,On Leave
453,Warinder More,Male,1970-02-13,lalavihaan@example.org,5322671892,Operations,Manager,Jammu,Meghalaya,2024-12-17,416123,Resigned
454,Harita Bhakta,Male,1967-10-11,yashawinidoctor@example.org,9297095733,Finance,Analyst,Pali,Himachal Pradesh,2021-10-28,1003187,Resigned
455,Isha Venkataraman,Female,1976-01-14,darika77@example.com,+917458361436,Admin,Manager,Bhubaneswar,Gujarat,2025-11-16,1073409,Resigned
456,Aradhana Sangha,Female,1988-12-08,aggarwalvansha@example.com,+915381110640,IT,Analyst,Raichur,Goa,2023-11-24,631206,On Leave
457,Eshana Anand,Female,1996-02-13,,0616815661,HR,Engineer,Dewas,Madhya Pradesh,2022-12-17,573557,On Leave
458,Siya Rai,Male,2002-03-30,ksachdev@example.org,0310752397,IT,Manager,Erode,Uttar Pradesh,2025-01-13,307980,On Leave
459,Arunima Ghosh,Male,1979-05-12,dkapadia@example.com,+911220168139,Operations,Analyst,Korba,Madhya Pradesh,2021-09-20,667384,Resigned
460,Kashish Sarna,Female,1995-06-26,zchawla@example.net,00860060765,Operations,Manager,Gudivada,Punjab,2024-11-04,636420,Resigned
461,Adya Sanghvi,Female,1998-03-16,,1630359435,Operations,Executive,Jhansi,Mizoram,2022-10-30,866990,Active
462,Indrajit Mahajan,Male,1993-10-19,pmodi@example.org,04301058219,Admin,Manager,Hindupur,Karnataka,2025-12-29,783629,On Leave
463,Dev Kara,Female,1985-04-09,kmitra@example.org,4322377509,IT,Manager,Tenali,Arunachal Pradesh,2024-03-14,1183546,Resigned
464,Dipta Soni,Female,1966-08-31,hpathak@example.org,+912071543248,IT,Manager,Sikar,Meghalaya,2022-08-02,395631,Active
465,Garima Yogi,Female,1993-04-22,,1035910297,Operations,Manager,Pali,Rajasthan,2023-01-04,635217,Resigned
466,Warda Pathak,Female,1995-02-08,anthonyvarughese@example.org,,Operations,Executive,Imphal,Chhattisgarh,2026-01-06,1080019,On Leave
467,Lohit Ramakrishnan,Female,1970-02-24,riyalad@example.net,05883025482,Admin,Manager,Coimbatore,Mizoram,2025-04-09,983071,On Leave
468,Yagnesh Keer,Female,1979-09-17,victor99@example.net,01592842754,Admin,Analyst,Varanasi,Manipur,2025-05-22,1138126,On Leave
469,Radhika Nagi,Male,1967-06-12,charita30@example.net,0834315791,Finance,Executive,Panihati,Gujarat,2024-01-14,511529,Active
470,Jeet Kala,Male,1981-03-07,girishsharma@example.org,+919050502173,Operations,Manager,Vadodara,Himachal Pradesh,2025-01-06,394771,Resigned
471,Vedant Ganesh,Female,1999-12-08,odikapadmanabhan@example.net,+917759119996,Finance,Executive,Etawah,Bihar,2022-11-23,327384,On Leave
472,Osha Sankaran,Female,1977-12-13,ranamaanas@example.org,00554305734,HR,Analyst,Karawal Nagar,Arunachal Pradesh,2024-09-12,596015,On Leave
473,Kala Mandal,Female,1993-10-14,radha84@example.org,03031105346,Finance,Manager,Ghaziabad,Sikkim,2023-12-12,989716,Resigned
474,Ekaraj Amble,Female,1990-02-06,balvan26@example.org,1462039664,Finance,Manager,Junagadh,Goa,2025-08-28,635526,Resigned
475,Jeet Dhar,Male,1968-04-17,sehgaldevansh@example.net,8449827320,HR,Manager,Panvel,Himachal Pradesh,2022-01-01,574009,Active
476,Pranit Wable,Female,1966-07-01,dev99@example.net,9058280826,Finance,Analyst,Bhind,Andhra Pradesh,2024-07-20,672896,Resigned
477,Gavin Apte,Male,1977-08-14,yutika64@example.org,3070338290,HR,Executive,Ghaziabad,Jharkhand,2022-11-01,984227,Resigned
478,Dalaja Chaudhry,Male,1986-09-09,cbhatnagar@example.net,,HR,Executive,Gulbarga,Jharkhand,2024-06-16,687469,Active
479,Karan Mangal,Female,1986-12-29,rsule@example.net,07400542666,IT,Executive,Shivpuri,Mizoram,2021-06-26,400266,On Leave
480,Wriddhish Sarma,Female,1981-03-03,,06854058656,Admin,Engineer,Ahmedabad,Odisha,2025-04-11,1062802,Resigned
481,Lakshit Om,Male,1986-04-26,ramanfarhan@example.com,8613511088,Operations,Analyst,Durg,Karnataka,2021-08-09,363679,On Leave
482,Farhan Dara,Male,1965-09-13,amairabarman@example.net,0852930496,Admin,Executive,Machilipatnam,West Bengal,2024-08-07,551498,Resigned
483,Noah Taneja,Female,1977-03-14,hegdeumang@example.net,,Finance,Analyst,Jodhpur,Telangana,2022-07-17,707819,On Leave
484,Gautami Shenoy,Female,1977-11-08,shettyharshil@example.org,9095142553,HR,Analyst,Gorakhpur,Assam,2023-12-24,990523,Active
485,Frado Dube,Female,1989-12-08,jackkhosla@example.net,07271171856,HR,Analyst,Khammam,Uttarakhand,2024-01-12,1156891,Active
486,Janaki Trivedi,Male,1987-08-18,kbanerjee@example.org,,IT,Manager,Adoni,Chhattisgarh,2021-09-02,991147,Resigned
487,Jhalak Wali,Female,1988-10-24,yshukla@example.com,1760638405,Admin,Executive,Tenali,Telangana,2021-03-16,601928,Active
488,Waida Sarin,Male,1985-06-05,okala@example.com,4120375514,HR,Executive,Malegaon,Andhra Pradesh,2025-06-01,627817,Resigned
489,Yashica Vaidya,Female,1969-02-20,,04538397189,Operations,Manager,Burhanpur,Chhattisgarh,2025-09-27,752272,Resigned
490,Girindra Nayar,Male,1973-03-28,,0623134727,Finance,Executive,Khandwa,Kerala,2023-08-06,650271,On Leave
491,Kritika Chad,Male,1983-08-25,vasatikaamble@example.com,2521402558,Finance,Executive,Bhubaneswar,Tripura,2022-10-12,541051,Active
492,Aradhana Jhaveri,Female,1979-04-23,hiyer@example.org,+916669872794,IT,Executive,Panihati,Jharkhand,2021-11-17,1161563,On Leave
493,Deepa Palan,Female,1971-04-05,kalaeiravati@example.org,3766833662,Finance,Analyst,Bally,Rajasthan,2024-02-14,877104,Active
494,Chakradev Rai,Male,1990-07-12,ugour@example.org,7348689998,Finance,Engineer,Silchar,Uttarakhand,2022-03-03,1059106,On Leave
495,Reyansh Babu,Female,1975-12-01,kiaan45@example.org,0004833835,Admin,Executive,Bellary,Uttar Pradesh,2021-10-01,347691,Active
496,Jairaj Kalita,Male,1972-06-14,kavya98@example.net,+914135056139,Admin,Analyst,Surat,Manipur,2023-08-28,1168357,Resigned
497,Yadavi Badami,Female,1991-06-16,ygill@example.com,8002479780,HR,Manager,Shahjahanpur,Gujarat,2021-09-01,817562,Resigned
498,Qushi Dhawan,Male,1965-05-07,wasonanamika@example.com,+913082153472,Admin,Executive,Asansol,Nagaland,2023-10-02,770346,On Leave
499,Meera Joshi,Female,1985-05-19,tanvi72@example.org,+912765292480,Finance,Manager,Deoghar,Himachal Pradesh,2022-07-09,1182732,Active
500,Ikbal Warrior,Female,1982-02-08,gillpanini@example.org,+910980786592,Admin,Engineer,Pimpri-Chinchwad,Andhra Pradesh,2024-03-11,508403,Active
501,Christopher Das,Male,1974-12-18,,9315657683,IT,Analyst,Suryapet,Gujarat,2024-07-24,325166,On Leave
502,Lajita Kamdar,Male,1971-11-17,om63@example.com,5032549710,Operations,Analyst,Bongaigaon,Kerala,2022-10-13,863886,On Leave
503,Arunima Dyal,Female,1972-08-12,krishasankaran@example.com,+911478739045,IT,Executive,Ramgarh,Telangana,2022-05-17,998579,On Leave
504,Forum Seth,Male,1976-07-06,shahjonathan@example.org,+916221831097,HR,Executive,Panvel,Madhya Pradesh,2024-01-08,1020167,Active
505,Gautam Kapur,Male,1990-02-12,chandranadya@example.com,08426756486,Operations,Executive,Erode,Kerala,2021-08-28,570816,On Leave
506,Daksha Mohanty,Male,1992-01-15,ayush42@example.org,5338952905,IT,Engineer,Ballia,Himachal Pradesh,2025-07-25,540891,Active
507,Daniel Kara,Male,1985-06-27,hemal89@example.net,+910640129410,IT,Manager,Faridabad,West Bengal,2025-02-11,408082,Resigned
508,Charles Jhaveri,Female,1978-02-26,pallaavni@example.com,3557092293,IT,Manager,Meerut,Assam,2021-05-08,597720,On Leave
509,Rayaan Parmer,Male,1993-02-24,rishijoshi@example.com,3306586252,IT,Executive,Bidhannagar,Tripura,2023-07-02,693397,Active
510,Neelima Chaudhry,Female,1979-02-27,indali66@example.com,01707152256,HR,Manager,Chapra,Goa,2022-08-11,924330,On Leave
511,Netra Chahal,Female,1979-10-05,vinayaprasad@example.com,2470629745,IT,Engineer,Hapur,Tripura,2024-09-09,710565,On Leave
512,Ikbal Ahluwalia,Female,1996-06-30,nairwatika@example.net,+911808463569,HR,Analyst,Rourkela,Telangana,2022-07-15,702852,On Leave
513,Wakeeta Saraf,Male,1972-11-19,advaybaria@example.org,09653805715,Operations,Engineer,Eluru,West Bengal,2023-02-11,342481,Resigned
514,Aarna Balay,Female,2003-05-16,xdhillon@example.net,06356381358,Finance,Manager,Motihari,Goa,2023-09-20,645078,Active
515,Isaac Kata,Male,1992-04-15,zsheth@example.net,02350811560,Finance,Engineer,Phagwara,Tamil Nadu,2025-06-30,1089072,Active
516,Alexander Shere,Male,1981-08-05,,08380811881,HR,Manager,Jodhpur,Goa,2023-07-11,491977,Active
517,David Chacko,Female,1972-11-09,madhavsethi@example.org,+913332058030,IT,Engineer,Rourkela,Uttar Pradesh,2022-01-10,922316,Resigned
518,Nimrat Dhillon,Female,1979-03-21,charan15@example.com,00370180173,Finance,Analyst,Raipur,Andhra Pradesh,2021-04-29,959798,Resigned
519,Sachi Contractor,Male,1968-02-23,,4425018552,IT,Engineer,Mysore,Nagaland,2023-06-07,1038718,On Leave
520,Raksha Chaudhari,Female,1973-01-21,bediekbal@example.net,+912364883418,IT,Analyst,Tadipatri,Himachal Pradesh,2025-06-01,771460,On Leave
521,Shravya Talwar,Female,1983-07-25,psampath@example.org,01292827290,Operations,Manager,Vijayanagaram,Madhya Pradesh,2023-11-02,921962,On Leave
522,Bhanumati Badal,Female,1965-12-09,chadkevin@example.net,+917311413242,IT,Executive,Ulhasnagar,Nagaland,2022-02-21,868484,Resigned
523,Meghana Sridhar,Female,1980-05-13,shatheodore@example.net,8793435409,Operations,Executive,Dehri,Telangana,2022-07-08,1073874,Active
524,Avni Dhar,Female,1983-07-14,kprashad@example.net,0746696662,Operations,Executive,Nellore,Gujarat,2021-09-10,817710,On Leave
525,Ekantika Kaur,Female,1991-06-21,maneharshil@example.org,00396876413,Operations,Executive,Navi Mumbai,Mizoram,2023-06-27,1190877,Resigned
526,Bhavya Kulkarni,Male,1994-10-15,wkhare@example.com,+915048175400,HR,Analyst,Hosur,Madhya Pradesh,2024-07-04,654585,On Leave
527,Faris Natt,Female,1983-01-16,nadkarnichanchal@example.org,1678554738,IT,Manager,Faridabad,Madhya Pradesh,2024-07-13,834294,Active
528,Vamakshi Bala,Female,1973-03-05,sneha78@example.org,02307801208,Finance,Manager,Kolkata,Punjab,2021-08-23,337975,Resigned
529,Vrinda Ram,Male,1989-02-18,mbadal@example.org,+912913330753,Finance,Engineer,Vellore,Madhya Pradesh,2025-07-09,411292,On Leave
530,Rudra Rattan,Male,1982-08-13,timothy25@example.org,04515526113,Operations,Engineer,Agra,Gujarat,2023-05-23,1120232,Active
531,Edhitha Guha,Female,1967-06-06,mhari@example.net,+913088401708,Admin,Manager,Bhubaneswar,West Bengal,2024-09-19,311881,On Leave
532,Meera Palla,Female,1997-12-22,edhitha74@example.net,+918216213669,Operations,Engineer,Dibrugarh,Sikkim,2024-10-15,415690,Active
533,Ekanta Gole,Female,2003-10-11,gautamiprashad@example.com,09286325933,Operations,Manager,Delhi,Meghalaya,2023-07-07,970027,Resigned
534,Tanveer Oak,Female,1988-03-17,chanakya08@example.org,+916928980833,Admin,Manager,Guna,Karnataka,2024-10-01,333564,Active
535,Chatura Ahluwalia,Female,2003-03-25,unigam@example.com,,IT,Analyst,Guntur,Rajasthan,2024-06-26,1187351,Resigned
536,Priya Sundaram,Male,1974-08-18,jagatmurty@example.net,06155313961,Operations,Executive,Suryapet,Chhattisgarh,2025-05-03,675592,Active
537,Osha Sankar,Male,1996-03-14,nkhurana@example.com,,IT,Analyst,Noida,Gujarat,2022-02-15,663492,Active
538,Naksh Garde,Female,1974-09-27,balvanraj@example.com,07855376738,HR,Manager,Ulhasnagar,Gujarat,2022-05-05,313229,Resigned
539,Jonathan Nazareth,Female,1992-12-29,dsekhon@example.org,3076739971,Finance,Analyst,Madhyamgram,Jharkhand,2021-06-26,510403,On Leave
540,Barkha Gera,Female,1976-09-05,rmody@example.com,+917745875117,HR,Engineer,Berhampore,Sikkim,2024-09-04,520598,Resigned
541,Falguni Mammen,Male,1974-05-07,leela50@example.net,+917875746410,Admin,Executive,Lucknow,Chhattisgarh,2021-04-23,567042,Resigned
542,Nathan Baria,Male,1998-07-03,usabharwal@example.com,3299065863,IT,Engineer,Rajpur Sonarpur,Chhattisgarh,2025-03-16,370895,Resigned
543,Geetika Barad,Male,1977-07-02,goelabdul@example.com,00693370898,Finance,Manager,Ghaziabad,Haryana,2021-11-14,771098,On Leave
544,Abhiram Tandon,Female,1993-10-04,vedantsidhu@example.org,+912827513496,IT,Engineer,Sultan Pur Majra,Sikkim,2021-02-05,875310,Active
545,Madhav Saran,Male,2000-11-23,lipika95@example.com,6799151224,Admin,Engineer,Chandigarh,Tripura,2024-11-18,832474,Resigned
546,Niharika Chaudhry,Female,2000-03-31,jrajan@example.com,04477744735,Finance,Analyst,Nagaon,Nagaland,2025-10-16,334198,Resigned
547,Chavvi Contractor,Male,2002-05-26,narasimhanlekha@example.net,01117546153,Operations,Analyst,Amritsar,Assam,2024-11-28,304773,On Leave
548,Garima Mittal,Female,1973-04-03,nbhakta@example.net,07145317260,Admin,Engineer,Nagpur,Arunachal Pradesh,2021-11-12,493540,On Leave
549,Hemang Johal,Male,1971-10-01,anay98@example.net,1492722933,Operations,Analyst,Buxar,Manipur,2021-10-29,441994,Resigned
550,Kabir Srinivas,Female,1988-07-13,bachittar43@example.net,2888272866,Operations,Manager,Chapra,Haryana,2021-01-21,1199731,On Leave
551,Bahadurjit Bhargava,Male,1976-10-18,jsaxena@example.net,9387312814,Admin,Engineer,Indore,Nagaland,2025-12-26,392244,On Leave
552,Diya Mander,Female,2000-06-21,narainanirudh@example.org,07299639032,HR,Executive,Meerut,Kerala,2024-05-17,842042,On Leave
553,Orinder Sridhar,Female,1975-12-01,patrickshetty@example.net,+919830940515,Finance,Executive,Karnal,Odisha,2025-02-03,1139411,Resigned
554,Aadhya Bumb,Female,1984-04-17,,9973744286,Admin,Engineer,Bareilly,Gujarat,2025-04-21,380777,On Leave
555,Azaan Salvi,Female,1985-07-18,krishnanda@example.net,+913595914560,IT,Executive,Karaikudi,Odisha,2023-01-01,861779,On Leave
556,Maya Atwal,Female,1979-10-27,yatan18@example.org,3989726805,Operations,Analyst,Aligarh,Chhattisgarh,2025-04-08,373534,Resigned
557,Ekanta Choudhary,Male,1996-02-27,akumar@example.com,00452658715,HR,Manager,Faridabad,Nagaland,2021-02-28,450980,Active
558,Wakeeta Dixit,Female,1982-01-02,ozajackson@example.org,2354206444,Finance,Engineer,Vijayawada,Mizoram,2021-03-24,1076632,On Leave
559,Henry Menon,Male,1969-02-03,anamikabassi@example.org,03030773972,HR,Executive,Kadapa,Arunachal Pradesh,2023-12-28,359892,Resigned
560,Jairaj Kapoor,Male,1983-12-20,fiyazben@example.net,02120279200,Admin,Engineer,Tiruchirappalli,Tripura,2023-08-30,739810,Active
561,Chaaya Mishra,Male,1999-07-22,faraj30@example.org,01945798423,Finance,Analyst,Thiruvananthapuram,Nagaland,2025-05-24,702182,On Leave
562,Zashil Purohit,Male,2001-10-16,baghyawatiparsa@example.org,3417669585,Admin,Executive,Shimoga,Maharashtra,2023-01-23,630332,On Leave
563,Pratyush Gara,Male,1976-08-28,fitanpau@example.org,+916115376628,Finance,Executive,Gandhinagar,Odisha,2024-03-16,934757,Active
564,Nakul Sani,Female,1972-12-24,sampathlajita@example.com,+918628217132,Admin,Engineer,Darbhanga,Chhattisgarh,2025-09-06,442962,Resigned
565,Harita Natt,Male,1983-01-27,jasonpai@example.net,+912042232808,IT,Manager,Varanasi,Telangana,2025-09-05,1094959,Active
566,Gautami Jain,Female,2000-10-28,pratyush79@example.com,+918063584085,IT,Analyst,Muzaffarpur,Arunachal Pradesh,2025-03-25,474813,Resigned
567,Chatresh Sule,Male,2001-12-31,xprashad@example.net,6885044873,IT,Manager,Panihati,Uttar Pradesh,2025-12-17,990937,Active
568,Praneel Singh,Male,2004-07-27,chaman95@example.net,09874889125,IT,Analyst,Bathinda,Chhattisgarh,2021-02-19,336122,Active
569,Zansi Misra,Male,2002-07-04,gaurangcherian@example.net,8997262343,IT,Executive,Madhyamgram,Tripura,2025-01-13,838960,Resigned
570,Indali Luthra,Female,1975-09-21,narasimhanrishi@example.com,06539863969,Operations,Executive,Hapur,Mizoram,2022-01-24,632396,Resigned
571,Ayushman Purohit,Female,1982-03-24,,+917505736078,Finance,Manager,Korba,Rajasthan,2022-12-12,1026835,On Leave
572,Harish Dua,Male,1980-07-29,anmol67@example.com,,Finance,Executive,Singrauli,Jharkhand,2021-10-05,993796,On Leave
573,Qadim Devan,Male,1967-06-28,nicholasbahl@example.org,05240851043,HR,Executive,Anantapur,Nagaland,2024-03-29,880484,Active
574,Victor Grewal,Male,1985-01-04,,00717732545,Admin,Analyst,Kumbakonam,Uttarakhand,2021-08-31,566185,Active
575,Hamsini Gola,Female,1972-04-09,obasak@example.org,02898030985,IT,Engineer,Raichur,Punjab,2025-09-29,311076,Resigned
576,Umang Kata,Male,1985-07-16,ubawa@example.org,1383915234,Admin,Executive,Saharsa,West Bengal,2026-01-07,503241,Resigned
577,Aarav Dayal,Female,1987-12-22,,1238592775,IT,Executive,Navi Mumbai,Manipur,2024-10-05,603835,Active
578,Yoshita Baria,Male,1965-08-02,keya13@example.com,+910190870837,Operations,Manager,Gopalpur,Madhya Pradesh,2021-11-17,407053,Active
579,Chandran Dalal,Male,2003-02-17,,02506131526,IT,Manager,Thane,Himachal Pradesh,2021-09-16,632924,Active
580,Hardik Merchant,Male,1977-04-04,balichatura@example.org,01968873910,IT,Executive,Visakhapatnam,Uttar Pradesh,2023-04-14,389908,Resigned
581,Victor Seth,Female,1988-10-09,chandani49@example.com,8948155619,HR,Engineer,Mangalore,Arunachal Pradesh,2021-09-19,836458,On Leave
582,Manya Sem,Male,1988-01-22,harshilkari@example.org,0536165048,Admin,Engineer,Jammu,Chhattisgarh,2021-05-18,418772,On Leave
583,Zayan Salvi,Female,1975-12-05,amarabahl@example.net,05172964457,Admin,Engineer,Mysore,Kerala,2025-01-20,1196156,Resigned
584,Baghyawati Deo,Female,1985-06-19,sahniharish@example.net,1978973484,IT,Manager,Davanagere,Himachal Pradesh,2025-01-28,545551,On Leave
585,Krishna Goswami,Female,2002-05-25,harinimahajan@example.org,+918228602205,Operations,Executive,Pondicherry,Manipur,2023-12-05,304547,Resigned
586,Frederick Kothari,Male,1981-07-20,wbora@example.net,4936048616,Finance,Executive,Hazaribagh,Punjab,2023-07-13,909734,On Leave
587,Ati Bhatia,Male,1984-02-14,krisharama@example.com,+915310153392,HR,Executive,Nagercoil,Jharkhand,2025-06-21,727853,On Leave
588,Janani Sampath,Female,1965-08-20,hbhardwaj@example.net,6770109852,Finance,Executive,Belgaum,Uttar Pradesh,2025-01-24,1047313,On Leave
589,Harita Johal,Male,1973-04-28,,+917685895484,Operations,Engineer,Cuttack,Tripura,2022-09-12,941831,Resigned
590,Divya Nagarajan,Female,1986-05-28,faris83@example.org,+910664047657,HR,Executive,Shimla,Nagaland,2021-12-12,1028693,Active
591,Wahab Borah,Male,2000-03-16,aarini26@example.com,+916644749355,IT,Engineer,Aurangabad,Tamil Nadu,2022-07-23,995603,Resigned
592,Eesha Bajwa,Female,1987-06-29,,5779681809,HR,Analyst,Thrissur,Mizoram,2022-09-23,817754,Resigned
593,Devansh Bhakta,Female,1978-11-26,omkaar29@example.com,+912403084119,IT,Analyst,Korba,Manipur,2022-03-17,436204,Active
594,Madhavi Chaudry,Female,1973-05-23,bakshianirudh@example.net,01497915947,Finance,Analyst,Bhilai,Nagaland,2021-08-28,994601,Resigned
595,Vedant Sunder,Female,1997-05-21,lekhasinha@example.com,+918548349298,HR,Executive,Sagar,Punjab,2021-02-19,1078242,Active
596,Viraj Vig,Female,1973-05-01,jsankaran@example.org,03749298976,Operations,Executive,Pudukkottai,Rajasthan,2021-02-05,857764,Active
597,Ishwar Toor,Male,1971-05-28,upalan@example.net,+916982398148,IT,Analyst,Madanapalle,Andhra Pradesh,2025-12-12,930948,On Leave
598,Idika Puri,Male,2001-04-16,ichand@example.net,01582482892,Admin,Executive,Delhi,Telangana,2022-03-02,832962,Resigned
599,Qushi Koshy,Female,1965-05-27,janaki25@example.org,,Operations,Executive,Bharatpur,Uttar Pradesh,2023-03-02,1192349,Resigned
600,David Subramanian,Male,1983-07-17,tsandhu@example.org,+912327879216,Operations,Analyst,Jorhat,Bihar,2024-08-25,680557,Resigned
601,Arjun Kumar,Female,1989-09-14,neelimaarya@example.org,8790565521,Admin,Engineer,Jodhpur,Arunachal Pradesh,2021-05-15,727320,Resigned
602,Bina Edwin,Male,1979-05-08,karanramachandran@example.com,08619652213,Admin,Engineer,Sirsa,Mizoram,2024-04-23,759837,Resigned
603,Thomas Uppal,Female,1973-12-19,patrickluthra@example.com,+913722529497,Operations,Executive,Jamnagar,Arunachal Pradesh,2023-05-12,379556,Resigned
604,Chaitaly Kari,Female,1971-06-29,mason14@example.net,04755670040,HR,Executive,Khandwa,Chhattisgarh,2025-07-17,861286,On Leave
605,Jackson Sama,Female,1997-12-16,,,Operations,Manager,Guntur,Jharkhand,2024-12-18,393105,Active
606,Bhavna Sawhney,Male,1976-02-28,tmital@example.net,4323160792,Admin,Executive,Farrukhabad,Uttar Pradesh,2023-02-23,404812,Active
607,Manan Dyal,Male,2002-05-14,xseth@example.org,,Operations,Analyst,Indore,Mizoram,2023-06-29,1017926,Active
608,Ekiya Khanna,Female,1990-09-18,karchameli@example.net,9252672173,Operations,Manager,Kochi,Assam,2021-10-18,1108552,Resigned
609,Vansha Murthy,Female,2002-05-30,xsanghvi@example.org,+916718758056,Operations,Analyst,Nagercoil,Rajasthan,2024-03-24,553061,Active
610,Ishwar Mall,Female,2000-05-13,nidhidesai@example.net,4589291357,Finance,Engineer,Nashik,Punjab,2021-07-20,443098,On Leave
611,Oscar Krishna,Female,1999-02-15,uvirk@example.net,+916821720172,IT,Manager,Tinsukia,Goa,2021-10-28,755216,Resigned
612,Dayamai Krishnan,Female,1995-01-05,ntata@example.org,7452743750,Operations,Manager,Aizawl,Jharkhand,2025-06-17,1143125,Resigned
613,Harinakshi Swaminathan,Female,1980-07-05,qkala@example.net,,IT,Analyst,Hazaribagh,Odisha,2022-07-11,1110190,Resigned
614,Yasti Salvi,Female,1966-09-17,uoak@example.com,04498410981,Admin,Manager,Aurangabad,Karnataka,2025-04-06,618415,On Leave
615,Ishanvi Din,Female,1995-10-14,devlall@example.org,0212402990,HR,Analyst,Gulbarga,Uttar Pradesh,2022-11-06,1021030,On Leave
616,Amara Purohit,Female,1975-01-05,wazir69@example.com,9074312598,IT,Analyst,Hindupur,Bihar,2024-07-03,661952,On Leave
617,Janani Bir,Female,1973-09-11,ekavirprasad@example.org,+914185622717,Operations,Analyst,Gaya,Madhya Pradesh,2024-04-03,1132532,Resigned
618,Jairaj Desai,Male,1988-04-17,issacgirindra@example.net,02938867098,HR,Executive,Sikar,Madhya Pradesh,2025-05-14,727649,On Leave
619,Mitesh Kalla,Male,1983-01-25,amruta05@example.net,,Operations,Analyst,South Dumdum,Andhra Pradesh,2024-09-21,872950,On Leave
620,Arunima Agarwal,Male,1971-12-22,,00672442753,Operations,Analyst,Kamarhati,Karnataka,2022-11-22,656396,On Leave
621,Champak Loke,Male,1988-08-06,nhegde@example.com,+915707864385,IT,Engineer,Mango,Odisha,2023-09-06,976646,On Leave
622,Pahal Kalita,Male,1978-01-01,buchronith@example.org,06330758904,Operations,Engineer,Bhiwandi,Haryana,2025-05-31,764915,Resigned
623,Nathaniel Saha,Male,1994-11-11,nattamol@example.net,4065894926,Operations,Manager,Serampore,Karnataka,2022-03-19,788670,Resigned
624,Varsha Solanki,Male,1991-09-20,ygokhale@example.com,06592519201,Admin,Engineer,Agartala,Sikkim,2023-06-17,705497,Resigned
625,Akshay Anne,Female,1992-01-13,sarmaekansh@example.com,+914891221811,Finance,Executive,Nagaon,Telangana,2021-02-09,524832,Resigned
626,Guneet Pal,Female,1974-08-27,,,HR,Executive,Guna,Bihar,2021-01-22,1036971,Active
627,Nitesh Lal,Female,1968-11-11,zachariahanya@example.com,05542499663,Admin,Manager,Amritsar,Rajasthan,2024-10-19,615954,Active
628,Unnati Mukherjee,Male,1970-03-31,omahal@example.net,03773706440,Admin,Executive,Rajpur Sonarpur,Maharashtra,2023-05-20,1147367,Active
629,Sai Palla,Female,1987-06-13,hmaster@example.net,+914240122799,IT,Engineer,Barasat,Himachal Pradesh,2024-06-08,703423,On Leave
630,Jagdish Chand,Male,1972-12-29,janakibora@example.org,+918999599903,Finance,Manager,Karnal,West Bengal,2022-03-31,1079846,Resigned
631,Jeremiah Toor,Male,1973-01-01,loganhora@example.com,06581590334,Finance,Analyst,Mysore,Uttar Pradesh,2025-02-10,495060,Resigned
632,Arin Divan,Female,1992-07-25,,+914095072326,HR,Analyst,Sirsa,Uttarakhand,2024-11-02,672479,On Leave
633,Inaya Dâ€™Alia,Female,1968-01-23,dixitjanani@example.com,+915551042874,IT,Executive,Jorhat,Tripura,2021-10-01,935061,On Leave
634,Hemal Deol,Female,1980-09-15,tsandhu@example.net,8134786303,Operations,Engineer,Vijayanagaram,Karnataka,2021-06-10,933651,On Leave
635,Arin Agate,Female,1982-06-08,xchoudhary@example.org,01879923018,Operations,Engineer,Bharatpur,Bihar,2025-02-21,1083978,Resigned
636,Hemal Badami,Male,1995-05-01,goyalaarav@example.org,8089432906,Admin,Executive,Sasaram,Jharkhand,2023-10-26,1005755,On Leave
637,Anmol Ramakrishnan,Male,2002-05-28,,+919986590357,HR,Manager,Warangal,Uttarakhand,2024-04-14,365856,Resigned
638,Madhavi Chatterjee,Female,1986-12-06,jaggiharrison@example.com,+917208871268,Operations,Executive,Pudukkottai,Jharkhand,2023-01-30,867163,On Leave
639,Onkar Ramesh,Male,1985-08-06,warinderoak@example.org,04166333735,Operations,Analyst,Madanapalle,Manipur,2025-03-12,448709,Active
640,Faris Dave,Female,2003-02-15,akshay23@example.net,+911307584303,Operations,Executive,Mau,Rajasthan,2025-04-14,339817,On Leave
641,Henry Viswanathan,Male,1968-10-11,reddyoni@example.net,+913618876131,Finance,Analyst,Bareilly,Sikkim,2025-12-27,971598,Resigned
642,Champak Deol,Female,1980-02-01,handabhavika@example.net,+914996942650,Admin,Engineer,Tenali,Bihar,2021-04-28,691051,Resigned
643,Quincy Ghosh,Male,1984-03-08,kabir85@example.org,07573425709,HR,Engineer,Sambhal,Telangana,2022-05-07,417821,Active
644,Gayathri Ganesan,Female,1965-02-13,pbuch@example.org,+910121328694,Admin,Engineer,Firozabad,Arunachal Pradesh,2022-08-15,593399,Resigned
645,Ekaja Thaman,Female,1975-10-18,jnazareth@example.net,0815947473,Operations,Analyst,Udupi,Punjab,2022-03-13,515404,On Leave
646,Vasudha Maharaj,Female,1984-05-07,varmajack@example.org,04230496657,IT,Analyst,Cuttack,Tamil Nadu,2024-05-09,472150,On Leave
647,Shivani Bhardwaj,Female,1984-06-08,aashi09@example.org,07383428500,Operations,Engineer,Jamshedpur,Chhattisgarh,2022-04-05,896979,On Leave
648,Yashica Mammen,Female,1985-08-11,vermaaditya@example.net,9369156823,HR,Analyst,Navi Mumbai,Punjab,2024-11-09,550686,Active
649,Faras Varughese,Male,1966-04-04,hritikbansal@example.net,+912774979469,Operations,Analyst,Pune,Odisha,2024-06-29,878472,Resigned
650,Vyanjana Kunda,Male,1980-06-22,inaya20@example.org,05476353621,IT,Analyst,Buxar,Bihar,2024-10-16,1170056,Resigned
651,Kabir Bahri,Female,1987-06-24,abhirammishra@example.org,+918902954905,HR,Executive,Naihati,Kerala,2021-09-04,822096,On Leave
652,Anvi Thakur,Female,2003-07-20,ekanibassi@example.org,+914817753963,HR,Executive,Adoni,Tamil Nadu,2022-07-11,350886,Resigned
653,Suhani Jhaveri,Female,1967-12-29,janakikohli@example.org,8239041089,HR,Manager,Dehri,Uttarakhand,2021-01-24,611520,Resigned
654,Ethan Mallick,Male,1977-03-18,,08490662798,IT,Executive,Bikaner,Andhra Pradesh,2023-03-15,1042487,Resigned
655,Upadhriti Kalla,Female,1994-09-27,glala@example.org,+915102913145,Operations,Executive,Vijayawada,West Bengal,2023-09-20,636914,Active
656,Ranveer Hegde,Male,1989-03-19,rajagopalanbarkha@example.com,02096770831,Finance,Executive,Malda,Chhattisgarh,2022-08-07,1111863,On Leave
657,Upkaar Dalal,Female,2004-07-14,garimajain@example.com,06628730603,IT,Analyst,Mira-Bhayandar,Manipur,2025-06-12,578411,Active
658,Bishakha Sehgal,Female,2002-07-23,zarnaiyer@example.com,+912881086402,Operations,Engineer,Loni,Tripura,2023-06-13,309848,On Leave
659,Faraj Parikh,Female,1969-03-04,panini17@example.net,07561059243,HR,Engineer,Jamnagar,Andhra Pradesh,2025-06-07,815950,Active
660,Atharv Johal,Female,1994-02-10,watikachandra@example.net,+914637166647,IT,Executive,Nadiad,Odisha,2025-08-17,708371,Resigned
661,Hemangini Basu,Female,1998-02-24,kalakade@example.org,06916632016,IT,Manager,Serampore,Madhya Pradesh,2022-06-18,1081330,Resigned
662,Luke Varty,Female,1974-07-23,maxrajagopalan@example.net,07795407666,IT,Manager,Madurai,Meghalaya,2023-07-15,693579,Resigned
663,Sneha Chopra,Male,1983-12-25,ayaansrinivas@example.org,3708757478,Admin,Manager,Tirunelveli,West Bengal,2023-09-22,412680,Active
664,Nandini Mitra,Female,1967-10-14,mandalvidhi@example.net,03605698288,IT,Manager,Bhavnagar,Kerala,2021-09-24,1184932,Resigned
665,Pallavi Shan,Male,1995-10-31,owalla@example.org,9003315589,IT,Manager,Sagar,Telangana,2021-09-07,737962,On Leave
666,Michael Vyas,Female,1968-08-17,sidhuyauvani@example.com,09323277056,Admin,Analyst,Hubliâ€“Dharwad,Manipur,2024-07-11,622508,Active
667,Chanakya Hari,Male,2003-09-27,mitalibanik@example.com,+912967460706,Operations,Engineer,Gangtok,Assam,2025-10-19,698558,On Leave
668,Dhriti Dube,Female,1971-07-24,bhavika43@example.org,+916418552101,HR,Analyst,Kottayam,Madhya Pradesh,2022-09-20,790663,Active
669,Logan Bajaj,Male,1977-01-19,norileela@example.com,05698492796,Operations,Engineer,Sagar,Kerala,2023-01-14,916622,Active
670,Krisha Kurian,Female,1971-03-11,zinalthaman@example.org,08475150035,HR,Manager,Ahmedabad,Rajasthan,2022-02-22,875509,Resigned
671,Champak Mistry,Female,1971-09-17,leena59@example.com,08756393893,Finance,Engineer,Pune,Madhya Pradesh,2021-10-06,1014142,On Leave
672,Shaurya Ahluwalia,Male,1982-03-13,tanvikrishna@example.org,+913942184683,Operations,Executive,Muzaffarpur,Gujarat,2021-11-05,644302,Resigned
673,Upkaar Dua,Male,1968-09-04,rehaanchokshi@example.org,,HR,Manager,Tiruvottiyur,Sikkim,2023-09-10,1191768,Resigned
674,Henry Devan,Female,1973-09-07,yoshita36@example.net,02996270166,Operations,Manager,Anantapuram,Arunachal Pradesh,2022-11-25,445591,On Leave
675,Balendra Ghosh,Female,2002-10-27,pnarang@example.com,3575932928,Finance,Manager,Junagadh,Karnataka,2021-07-20,894668,Resigned
676,Vaishnavi Ganesh,Female,1991-07-17,hemani60@example.com,07953378412,HR,Engineer,Chandrapur,Assam,2021-11-27,880212,On Leave
677,Edhitha Bail,Female,1970-10-26,,+916315771968,IT,Analyst,Mysore,Gujarat,2025-08-27,900690,On Leave
678,Peter Parmar,Male,1975-10-20,shankerfalan@example.org,3340788355,Admin,Manager,Gandhinagar,Arunachal Pradesh,2022-12-30,1068055,Resigned
679,Amruta Butala,Male,1985-03-11,oramaswamy@example.org,8392107481,Operations,Analyst,Meerut,Haryana,2026-01-06,1128014,Active
680,Fariq Choudhary,Male,1969-10-12,yachanachoudhry@example.com,04982141801,Finance,Manager,Meerut,West Bengal,2025-01-12,532144,Resigned
681,Vidhi Bath,Male,1968-08-16,,6214670702,Admin,Manager,Anantapuram,Tripura,2022-04-04,824808,On Leave
682,Manya Tailor,Female,1967-02-01,triptighose@example.com,+918175258553,HR,Analyst,Rourkela,Karnataka,2025-08-16,1028013,On Leave
683,Max Lad,Male,1965-04-27,zdash@example.com,03910395257,IT,Engineer,Purnia,Chhattisgarh,2023-09-22,989174,On Leave
684,Mahika Kakar,Female,1971-08-31,pantoeshi@example.org,08950501239,Operations,Engineer,Warangal,Tamil Nadu,2024-08-08,689708,Resigned
685,Panini Patla,Female,2000-04-05,praneel40@example.com,05000561270,Operations,Engineer,Mahbubnagar,Bihar,2024-01-19,676708,On Leave
686,Mason Ganesh,Male,1969-01-22,dayitatandon@example.com,+917905555016,Admin,Engineer,Panchkula,Uttar Pradesh,2025-01-02,814633,Resigned
687,Sai Chopra,Female,1968-02-20,subramaniamzayan@example.net,+918816885183,Admin,Analyst,Durg,West Bengal,2024-01-03,579478,Resigned
688,Akshay Batra,Female,1982-07-18,narulayashodhara@example.org,00915597442,IT,Manager,Tirupati,Goa,2021-01-29,659676,Active
689,Om Doshi,Male,1983-12-23,kchandra@example.com,02200907253,Operations,Executive,Bhopal,Nagaland,2025-08-31,1060069,Resigned
690,Vedant Sur,Male,2004-08-16,chaudrygavin@example.com,07363023240,Finance,Manager,Sirsa,Jharkhand,2023-07-27,600719,Active
691,Maanav Tank,Female,1987-04-07,apall@example.org,+918162654922,Operations,Manager,Bhusawal,Arunachal Pradesh,2022-08-23,567781,On Leave
692,Jagrati Choudhury,Female,1991-08-25,lmander@example.com,+916476336932,IT,Engineer,Khora ,Kerala,2024-08-15,672771,On Leave
693,Rayaan Mohan,Female,2003-05-04,zarnavig@example.com,+913026299779,Admin,Engineer,Bidhannagar,Goa,2022-12-07,490199,Active
694,Ranveer Dalal,Female,1984-09-07,xkeer@example.org,05432753727,Admin,Analyst,Bhiwani,West Bengal,2021-08-26,387731,On Leave
695,Caleb Date,Male,1998-11-29,modichavvi@example.com,,HR,Manager,Barasat,Chhattisgarh,2023-08-17,1162239,Active
696,Omkaar Banerjee,Female,1990-12-23,lalayasti@example.org,06098727870,Admin,Engineer,Karawal Nagar,Bihar,2021-10-08,347740,Active
697,Frado Sarma,Female,1990-04-25,oshanaik@example.org,6581803618,Finance,Manager,Gaya,Uttarakhand,2022-11-07,371517,On Leave
698,Hemang Rama,Female,1979-12-02,rachitawali@example.com,5350780478,Operations,Executive,Ratlam,Tripura,2025-10-27,478890,Resigned
699,Deepa Bahri,Male,1988-05-08,,03459672379,Operations,Engineer,Phusro,Karnataka,2025-04-09,615168,Active
700,Darpan Dora,Male,1996-01-20,kbhardwaj@example.org,06430629237,Finance,Engineer,Guntur,Nagaland,2022-06-30,306541,On Leave
701,Manbir Bahl,Male,2004-09-27,srinivasmadhav@example.org,03724632217,Finance,Engineer,Phagwara,Sikkim,2025-03-05,566405,Active
702,Max Sawhney,Male,2003-04-21,devigaurika@example.net,+911966908549,IT,Manager,Suryapet,Arunachal Pradesh,2022-07-22,448063,On Leave
703,Lohit Seth,Male,1965-12-25,saanvipau@example.org,+915039517864,IT,Analyst,Bhind,Chhattisgarh,2024-02-02,1099111,Active
704,Daniel Garde,Female,1991-12-12,orao@example.org,06280791640,IT,Engineer,Gurgaon,Jharkhand,2021-07-04,790010,Active
705,Kavya Loyal,Male,1966-12-05,zinal20@example.org,5016430371,IT,Manager,Bathinda,Odisha,2025-04-30,332551,Active
706,Daniel Muni,Female,1981-10-20,quincy49@example.net,5330505896,IT,Executive,Yamunanagar,Himachal Pradesh,2021-09-27,1030192,Resigned
707,Lipika Kari,Male,1994-04-10,kalitazaitra@example.net,+912308080157,Finance,Executive,Bellary,Meghalaya,2023-11-06,546546,Active
708,Om Hayre,Male,1988-07-15,fiyaz27@example.org,1395343082,Finance,Engineer,Farrukhabad,Tripura,2024-07-25,771491,Resigned
709,Peter Basu,Male,1988-04-07,vincentsodhi@example.net,2808976960,HR,Executive,Chandigarh,Odisha,2021-12-07,436166,On Leave
710,Zilmil Rana,Female,1985-06-24,ntank@example.com,06030775439,Operations,Engineer,Bhubaneswar,Goa,2024-07-17,1172440,Resigned
711,Matthew Vyas,Female,1979-09-19,mvarty@example.com,+914387262607,HR,Engineer,Bellary,Chhattisgarh,2025-07-21,621273,On Leave
712,Yash Kamdar,Female,1977-05-26,jlad@example.net,04853361996,Operations,Engineer,Meerut,Chhattisgarh,2023-02-10,1183137,Active
713,Sarthak Mahajan,Female,2001-04-07,chaman73@example.com,+918916864729,Admin,Manager,Proddatur,Madhya Pradesh,2024-11-21,699114,Active
714,Yashvi Sheth,Male,1985-04-24,,4187674671,Admin,Manager,Bhusawal,West Bengal,2023-08-14,833791,Resigned
715,Harinakshi Majumdar,Female,1994-03-03,,+912698907468,HR,Analyst,Sagar,West Bengal,2024-07-04,548276,On Leave
716,Bina Bakshi,Female,2001-08-23,bhanumatibarad@example.net,+914563506598,IT,Manager,Satara,Punjab,2023-02-26,651663,Active
717,Ekta Vala,Female,1974-01-28,bariaindali@example.com,03215299217,Finance,Analyst,Ajmer,Meghalaya,2021-07-01,1030343,On Leave
718,Vihaan Modi,Male,1972-11-12,farajchowdhury@example.org,8021614441,Operations,Analyst,Kozhikode,Manipur,2025-10-03,913039,Resigned
719,Jeremiah Pillai,Female,1974-10-26,yray@example.com,02957224368,HR,Analyst,Katihar,Tamil Nadu,2023-06-17,336399,Active
720,Ishwar Bajaj,Male,1981-08-04,rachitkohli@example.net,09729813935,Finance,Executive,Khora ,Madhya Pradesh,2024-06-27,345115,Active
721,Vasatika Deshpande,Male,1984-06-13,lbhatti@example.com,8284983699,IT,Manager,Mangalore,Mizoram,2025-10-26,666675,Active
722,Wriddhish Kata,Female,1997-09-14,lavanyaoak@example.com,1970492458,IT,Manager,Orai,Gujarat,2021-01-24,338999,On Leave
723,Gopal Shenoy,Female,2001-06-22,schawla@example.com,+916854798223,HR,Engineer,Asansol,Punjab,2025-12-16,924511,On Leave
724,Yatin Bhatti,Male,1974-06-18,dprabhu@example.org,+916836969698,HR,Engineer,Bhagalpur,Madhya Pradesh,2024-09-02,1038537,Resigned
725,Madhav Kannan,Female,2001-10-18,mnagar@example.com,+919013669030,Finance,Manager,Karaikudi,Meghalaya,2022-01-10,600681,Resigned
726,Guneet Iyer,Male,1986-09-28,yashodhara54@example.com,05922705539,HR,Executive,Darbhanga,Bihar,2024-05-15,887896,Active
727,Dipta Bal,Female,1996-10-05,liamgokhale@example.net,,HR,Analyst,Dewas,Madhya Pradesh,2022-10-06,1042010,On Leave
728,Yagnesh Chakrabarti,Female,1999-10-25,dtara@example.com,,HR,Analyst,Fatehpur,Punjab,2023-10-11,1074664,Resigned
729,Theodore Dhingra,Male,2000-08-08,obir@example.com,+917866877760,Operations,Manager,Tenali,Assam,2021-04-15,321460,Active
730,Onveer Varkey,Male,1972-09-02,vasatripti@example.org,+914887907485,Finance,Engineer,Bulandshahr,Telangana,2021-03-15,708670,Active
731,Nitara Rajan,Female,2000-12-29,pallaadweta@example.com,1879436416,IT,Engineer,Jabalpur,Goa,2024-02-26,679829,Resigned
732,Nirja Srinivasan,Female,2001-01-16,lila41@example.com,0863643057,IT,Manager,Bihar Sharif,West Bengal,2023-10-16,1147338,Active
733,Onkar Mital,Female,2003-07-08,bgarde@example.com,8351559351,HR,Executive,Chandrapur,Tripura,2025-08-01,573981,On Leave
734,Mekhala Tara,Male,1965-11-26,amaira41@example.com,05548936713,HR,Engineer,Buxar,Telangana,2024-07-05,610925,Active
735,Kevin Hayer,Male,1999-03-30,kevinbhavsar@example.org,1772097479,Operations,Engineer,Kolkata,Himachal Pradesh,2022-03-31,490449,Resigned
736,Ucchal Kohli,Male,1969-08-14,nakul06@example.org,+915646117088,Finance,Manager,Hajipur,Tripura,2024-02-06,827549,Resigned
737,Yutika Rau,Male,1973-07-18,hemangini80@example.net,+913990646686,IT,Analyst,Jamalpur,Rajasthan,2025-11-11,527777,Active
738,Nisha Pathak,Female,1972-12-26,bpai@example.org,+912425069654,IT,Executive,Srinagar,Gujarat,2024-05-31,1033078,Resigned
739,Jhalak Guha,Female,1973-12-09,bathekbal@example.com,06993100614,HR,Engineer,Bharatpur,Goa,2022-04-14,342836,Active
740,Falak Nadkarni,Female,1976-03-01,charitavarma@example.com,+913187575501,Admin,Analyst,Alappuzha,Chhattisgarh,2021-12-28,449727,On Leave
741,Balveer Walla,Female,1992-05-01,aishani64@example.com,0017445438,HR,Manager,Serampore,Punjab,2025-07-09,722785,On Leave
742,Lakshit Bir,Female,1970-09-06,bhardwajpranit@example.com,6786921683,IT,Executive,Madurai,Madhya Pradesh,2021-04-01,676882,Resigned
743,Yashasvi Kalita,Female,1982-07-20,sanghadivya@example.net,2329904749,Operations,Analyst,Bardhaman,Arunachal Pradesh,2022-06-23,1149673,On Leave
744,Aarush Lanka,Female,1972-07-11,tarakmerchant@example.com,+915938496135,Finance,Manager,Jamalpur,Sikkim,2023-05-04,615851,Resigned
745,Nakul Mahajan,Female,1981-02-06,hemal61@example.com,9929541365,Operations,Executive,Sangli-Miraj & Kupwad,Bihar,2021-10-23,1134824,Active
746,Nathan Mall,Male,1987-10-23,vaishnavi26@example.net,0607114894,Finance,Manager,Akola,Gujarat,2022-05-20,631513,Active
747,Vrishti Hans,Male,1973-06-03,vasanasingh@example.com,+916109456431,HR,Analyst,Karimnagar,Odisha,2022-07-15,564041,Active
748,Anirudh Patil,Female,1973-08-19,banikrohan@example.net,+914110965258,IT,Executive,Hospet,Kerala,2024-08-17,507749,Active
749,Isha Jain,Female,1995-09-14,tkohli@example.net,,Finance,Executive,Saharsa,Uttarakhand,2025-08-04,724758,On Leave
750,Girindra Handa,Male,1982-01-29,ikrishnan@example.org,03010786251,Finance,Analyst,Haldia,Tripura,2023-02-16,590425,On Leave
751,Gauri Kashyap,Female,2001-01-12,,+912385740700,IT,Analyst,Bokaro,Uttarakhand,2023-12-26,585273,Active
752,Dalaja Jaggi,Male,1982-11-24,gapte@example.org,+918148322583,IT,Manager,Berhampore,Goa,2021-12-06,838260,Active
753,Devika Ramakrishnan,Male,1981-01-18,bhattacharyyabrijesh@example.org,+914740911721,Operations,Analyst,Howrah,Chhattisgarh,2021-12-12,858622,Active
754,Yash Seshadri,Male,2003-12-08,fitan39@example.net,+913605289278,HR,Analyst,Vellore,West Bengal,2023-10-21,697364,On Leave
755,Vinaya Nazareth,Male,1994-04-14,gavinhari@example.org,+910066366719,Admin,Manager,Bardhaman,Meghalaya,2025-01-18,981947,Active
756,Falak Dua,Male,1991-02-19,wardatank@example.org,5228172447,Finance,Manager,Nashik,Meghalaya,2024-10-23,375694,Active
757,Rayaan Bahl,Male,2004-01-11,jagat55@example.net,2910014507,Admin,Analyst,Tadipatri,Chhattisgarh,2023-10-18,696171,Active
758,Neelima Khurana,Female,1968-05-22,pranav36@example.net,09803887403,Finance,Analyst,Gandhidham,Kerala,2024-09-13,1148083,On Leave
759,Upadhriti Vohra,Male,1999-12-05,chakradevdoshi@example.com,+915329541182,Admin,Engineer,Hindupur,Punjab,2022-04-24,513739,Active
760,Saanvi Mand,Female,1974-04-18,msamra@example.org,,Admin,Executive,Bhatpara,Assam,2021-06-20,1103683,Resigned
761,Azad Cheema,Male,1996-12-02,fbehl@example.org,+917786813611,HR,Engineer,Avadi,Himachal Pradesh,2024-06-14,1007470,On Leave
762,Bakhshi Basak,Male,1973-03-05,charanbahl@example.org,01069261783,Admin,Analyst,Amravati,Gujarat,2023-04-13,411495,On Leave
763,Amara Nayar,Male,1966-01-25,rohanshere@example.com,05481782494,Operations,Manager,Ghaziabad,Tripura,2025-12-27,303770,Resigned
764,Naksh Date,Female,1990-04-04,diyarege@example.com,0655307255,HR,Executive,Farrukhabad,Andhra Pradesh,2023-09-03,521928,Resigned
765,Harsh Goda,Female,1970-05-09,pkarpe@example.net,00360077429,Finance,Manager,Unnao,Himachal Pradesh,2021-10-08,576361,On Leave
766,William Chahal,Male,1989-06-10,lohitcheema@example.org,0021099159,Operations,Manager,Bhubaneswar,Odisha,2023-03-07,745060,Resigned
767,Dev Bhandari,Female,1981-10-08,,+912561837131,Finance,Executive,Salem,Tamil Nadu,2022-06-28,1031121,Resigned
768,Lucky Jaggi,Male,1979-04-14,nkeer@example.com,1829141128,Operations,Engineer,Jehanabad,Bihar,2021-04-23,514293,Active
769,Wakeeta Sanghvi,Female,1992-05-30,ira88@example.com,00183446221,Operations,Manager,Rampur,Andhra Pradesh,2021-11-06,1188455,On Leave
770,Ishaan Kala,Female,2003-03-23,fsundaram@example.net,00929540611,Finance,Executive,Pune,Rajasthan,2023-10-24,433680,Resigned
771,Nihal Toor,Female,1988-10-30,pthaman@example.com,6960471814,IT,Analyst,Ajmer,Uttar Pradesh,2024-05-15,980862,Active
772,Faris Manne,Male,2000-11-19,,,Admin,Executive,Faridabad,Rajasthan,2024-08-22,590313,On Leave
773,Ekavir Suresh,Female,1984-03-10,oviya67@example.net,5807654123,Finance,Engineer,Bally,Tripura,2024-06-14,430917,Active
774,Lakshit Ratti,Male,1983-09-02,fitansahota@example.org,06013977585,Operations,Executive,Amroha,Telangana,2023-06-05,794314,On Leave
775,Dhruv Hari,Male,1981-09-12,chakrabartiyashvi@example.com,02410146799,Admin,Engineer,Thiruvananthapuram,Kerala,2021-05-21,918039,Resigned
776,Ladli Sathe,Male,1984-04-11,oparmar@example.net,02337197530,Admin,Engineer,Anand,Maharashtra,2023-02-23,489796,On Leave
777,Udarsh Gandhi,Male,1985-08-04,,+917779619559,Finance,Manager,Bihar Sharif,Himachal Pradesh,2024-12-06,518551,Resigned
778,Amrita Chatterjee,Male,1998-08-17,murtyvinaya@example.net,9477316145,Finance,Analyst,Tiruchirappalli,Uttarakhand,2025-08-05,637557,On Leave
779,Janya Mannan,Female,1983-06-15,kgupta@example.org,+915806924731,Operations,Executive,Jammu,Bihar,2021-10-29,369115,On Leave
780,Charles Wagle,Female,1965-12-14,ichaudhry@example.net,+919133086942,Finance,Analyst,Sambhal,Tripura,2023-11-27,746069,Resigned
